slug	focus	category	op	host	mix
24-7-micro-market-vending	HOST	micro-market-services	0	7	1
24-7-vending-for-24-hour-gyms	HOST	vending-for-gyms	2	2	4
24-7-vending-for-college-campuses	HOST	ai-vending-coolers	0	2	6
24-7-vending-services-for-hotel-guests	HOST	vending-for-hotels	0	8	0
24-7-vending-solutions-for-hospitals	HOST	vending-for-healthcare	0	7	1
24-7-vending-solutions-for-shift-workers	HOST	vending-for-warehouses	1	7	0
accessibility-hotel-vending-machines	HOST	vending-for-hotels	4	4	0
accessibility-in-public-vending	HOST	vending-for-public-buildings	0	7	1
accessibility-standards-vending-public	HOST	vending-for-public-buildings	0	4	4
accessible-airport-vending	HOST	vending-for-airports	2	6	0
accessible-campus-vending-features	HOST	ai-vending-coolers	1	4	3
ada-vending-standards-factories	HOST	vending-for-manufacturing-companies	0	7	1
addressing-student-food-insecurity-vending	HOST	ai-vending-coolers	0	0	8
advanced-payment-systems-government-vending	HOST	vending-for-public-buildings	0	6	2
after-hours-public-building-vending	HOST	vending-for-public-buildings	3	5	0
after-hours-retail-vending	HOST	vending-for-retail-locations	0	7	1
after-hours-vending-for-construction-crews	HOST	vending-for-construction-sites	0	6	2
after-hours-vending-in-dealerships	HOST	vending-for-dealerships	1	6	1
after-hours-vending-in-logistics-centers	HOST	vending-for-logistics-hubs	0	7	1
ai-cooler-security-and-loss-prevention	HOST	ai-vending-coolers	0	4	4
ai-coolers-loyalty-programs	HOST	ai-vending-coolers	0	8	0
ai-coolers-vs-traditional-vending-machines	HOST	ai-vending-coolers	1	5	2
ai-powered-vending-machines	HOST	vending-technology	0	6	2
ai-vending-coolers	MIXED		0	0	0
ai-vending-coolers-for-apartments	HOST	ai-vending-coolers	0	8	0
ai-vending-coolers-for-hotel-guests	OPERATOR	vending-for-hotels	7	1	0
ai-vending-coolers-for-hotels	OPERATOR	ai-vending-coolers	7	1	0
ai-vending-coolers-in-apartments	HOST	vending-for-apartments	2	5	1
ai-vending-coolers-in-schools	HOST	ai-vending-coolers	0	7	1
ai-vending-coolers-vs-micro-markets	HOST	ai-vending-coolers	0	7	1
ai-vending-data-analytics-product-trends	HOST	ai-vending-coolers	2	6	0
ai-vending-in-employee-breakrooms	HOST	ai-vending-coolers	0	7	1
ai-vending-solutions-for-offices	HOST	ai-vending-coolers	2	5	1
ai-vending-university-innovation-labs	HOST	ai-vending-coolers	0	2	6
airport-specialty-vending	HOST	specialty-vending-machines	0	4	4
airport-vending-contracts-and-permits	OPERATOR	vending-for-airports	7	1	0
airport-vending-design-evolution	HOST	vending-for-airports	0	8	0
airport-vending-dietary-needs	HOST	vending-for-airports	3	5	0
airport-vending-maintenance-uptime	HOST	vending-for-airports	3	5	0
airport-vending-revenue-potential	HOST	vending-for-airports	0	3	5
airport-vending-security-and-monitoring	HOST	vending-for-airports	2	4	2
airport-vending-supply-chain	HOST	vending-for-airports	1	7	0
allergen-friendly-vending-solutions	HOST	healthy-vending-service	0	4	4
amusement-park-vending-machines	HOST	vending-for-entertainment-venues	0	7	1
apartment-complex-vending-solutions	HOST	vending-for-apartments	0	8	0
are-healthy-vending-machines-profitable	OPERATOR	vending-business-startup	6	2	0
are-there-commissions-from-vending	HOST	vending-faq	0	5	3
are-there-contracts-for-vending-services	HOST	vending-faq	0	6	2
are-there-eco-friendly-vending-machines	HOST	vending-faq	0	7	1
are-there-hidden-fees-in-vending-services	HOST	vending-faq	0	8	0
are-vending-machines-ada-compliant	HOST	vending-faq	0	8	0
are-vending-machines-noisy	HOST	vending-faq	0	8	0
are-vending-machines-safe-and-secure	HOST	vending-faq	0	8	0
art-supply-vending-machines	OPERATOR	specialty-vending-machines	4	2	2
augmented-reality-vending-experiences	HOST	vending-technology	0	7	1
automated-retail-hospital-gift-shops	HOST	vending-for-healthcare	0	4	4
automated-vending-management-tech	OPERATOR	vending-management-companies	5	3	0
bean-to-cup-coffee-machines-office	HOST	blog-category	0	8	0
benchmarking-vending-performance	HOST	vending-management-companies	0	7	1
benefits-of-micro-markets-for-employees	HOST	micro-market-services	0	8	0
benefits-of-using-a-vending-management-company	HOST	vending-management-companies	0	8	0
benefits-of-vending-in-airports	HOST	vending-for-airports	0	4	4
benefits-of-vending-in-apartments	HOST	vending-for-apartments	0	7	1
benefits-of-vending-in-car-dealerships	HOST	vending-for-dealerships	0	8	0
benefits-of-vending-in-construction-sites	HOST	vending-for-construction-sites	0	7	1
benefits-of-vending-in-entertainment-venues	HOST	vending-for-entertainment-venues	0	4	4
benefits-of-vending-in-gyms	HOST	vending-for-gyms	1	3	4
benefits-of-vending-in-healthcare-facilities	HOST	vending-for-healthcare	0	4	4
benefits-of-vending-in-industrial-settings	HOST	vending-for-manufacturing-companies	0	7	1
benefits-of-vending-in-logistics-centers	HOST	vending-for-logistics-hubs	1	2	5
benefits-of-vending-in-retail-centers	HOST	vending-for-retail-locations	0	4	4
benefits-of-vending-in-warehouse-settings	HOST	vending-for-warehouses	1	2	5
benefits-of-vending-machines-in-the-workplace	HOST	vending-business-startup	0	3	5
benefits-of-vending-on-campus	HOST	ai-vending-coolers	0	1	7
best-ai-vending-companies-2025	HOST	ai-vending-coolers	0	6	2
best-coffee-services-for-law-offices	HOST	blog-category	0	5	3
best-locations-for-healthy-vending-machines	HOST	healthy-vending-service	1	6	1
best-locations-for-vending-machines	HOST	vending-machine-locators	2	6	0
best-micro-market-vendors-near-me	HOST	micro-market-services	0	8	0
best-office-coffee-machines-for-small-teams	HOST	blog-category	0	8	0
best-places-for-airport-vending	HOST	vending-for-airports	1	6	1
best-places-to-put-vending-machines-by-industry	HOST	vending-machine-locators	2	6	0
best-selling-airport-vending-products	HOST	vending-for-airports	0	5	3
best-selling-entertainment-venue-vending-products	HOST	vending-for-entertainment-venues	0	1	7
best-snack-machines-for-corporate-offices	HOST	office-vending-services	0	8	0
best-vending-machine-types-for-schools	HOST	vending-for-schools	0	4	4
best-vending-machines-for-beginners	OPERATOR	vending-business-startup	0	0	8
best-vending-machines-for-college-campuses	HOST	ai-vending-coolers	0	4	4
best-vending-machines-for-gyms	HOST	vending-for-gyms	2	4	2
best-vending-machines-for-hospitals	HOST	vending-for-healthcare	0	7	1
best-vending-machines-for-hotel-lobbies	OPERATOR	vending-for-hotels	7	1	0
best-vending-machines-for-industrial-facilities	HOST	vending-for-warehouses	0	7	1
beverage-vending-in-dealership-waiting-areas	HOST	vending-for-dealerships	1	7	0
beverage-vending-machines-for-hotel-floors	OPERATOR	vending-for-hotels	5	1	2
beverage-vending-machines-in-apartments	HOST	vending-for-apartments	0	8	0
beverage-vending-machines-in-warehouses	HOST	vending-for-warehouses	1	4	3
biodegradable-products-in-vending	HOST	eco-friendly-vending	0	8	0
biodiversity-vending-machine-locations	HOST	eco-friendly-vending	0	7	1
biometric-vending-machines	HOST	vending-technology	2	6	0
blockchain-in-vending-payments	HOST	vending-technology	1	5	2
book-vending-machines	HOST	specialty-vending-machines	0	3	5
boutique-store-vending-options	HOST	vending-for-retail-locations	0	2	6
bowling-alley-vending-services	HOST	vending-for-entertainment-venues	0	6	2
brand-partnerships-campus-vending	HOST	ai-vending-coolers	0	3	5
branded-vending-for-dealerships	HOST	vending-for-dealerships	0	8	0
branded-vending-machines-for-gyms	HOST	vending-for-gyms	0	3	5
branding-apartment-vending-machines	HOST	vending-for-apartments	0	7	1
branding-customization-industrial-vending	HOST	vending-for-warehouses	1	3	4
branding-office-micro-market	HOST	micro-market-services	0	7	1
branding-office-vending	HOST	office-vending-services	0	8	0
breakroom-coffee-and-snack-bundles	HOST	blog-category	0	7	1
breakroom-coffee-station-ideas	HOST	blog-category	0	7	1
breakroom-refreshment-solutions	HOST	office-vending-services	0	8	0
breakroom-snack-and-beverage-packages	HOST	office-vending-services	0	8	0
breakroom-vending-in-logistics-centers	HOST	vending-for-logistics-hubs	0	7	1
breakroom-vending-machine-ideas	HOST	office-vending-services	0	8	0
breakroom-vending-upgrades-for-production-floors	HOST	vending-for-manufacturing-companies	0	8	0
building-material-vending	HOST	specialty-vending-machines	0	5	3
buying-vs-leasing-vending-machines	OPERATOR	vending-business-startup	7	0	1
campus-vending-security-measures	HOST	ai-vending-coolers	0	7	1
can-a-business-move-a-vending-machine	HOST	vending-faq	1	7	0
can-a-business-request-specific-brands	HOST	vending-faq	0	8	0
can-employees-request-products-in-vending	HOST-LEAN	vending-faq	2	3	3
can-small-businesses-use-vending-management-services	OPERATOR	vending-management-companies	0	0	8
can-vending-machines-be-customized	HOST	vending-faq	1	7	0
can-vending-machines-be-placed-outdoors	HOST	vending-faq	2	6	0
can-vending-machines-dispense-non-food-items	OPERATOR-LEAN	vending-faq	4	3	1
can-vending-machines-offer-healthy-options	HOST	vending-faq	1	7	0
can-vending-machines-provide-receipts	HOST	vending-faq	0	1	7
can-vending-machines-run-24-7	OPERATOR	vending-faq	8	0	0
can-vending-machines-sell-fresh-food	HOST-LEAN	vending-faq	2	3	3
can-we-choose-products-in-vending-machine	HOST	vending-faq	0	8	0
can-you-get-a-vending-machine-for-free	HOST	vending-Info-for-businesses	0	8	0
can-you-get-both-snack-and-drink-machines	HOST	vending-faq	0	8	0
can-you-make-money-with-office-vending-machines	OPERATOR	office-vending-services	8	0	0
can-you-place-machines-in-multiple-locations	OPERATOR	vending-machine-locators	7	1	0
carbon-footprint-of-vending-machines	HOST	eco-friendly-vending	2	6	0
career-center-and-gym-vending-on-campus	HOST	ai-vending-coolers	0	0	8
carnival-and-fair-vending-options	HOST	vending-for-entertainment-venues	2	6	0
case-study-24-hour-gym-vending	OPERATOR	vending-for-gyms	6	1	1
case-study-ai-vending-in-warehouse-facility	HOST	ai-vending-coolers	0	8	0
case-study-airport-vending-success	HOST	vending-for-airports	0	8	0
case-study-city-hall-vending-success	HOST	vending-for-public-buildings	0	6	2
case-study-construction-site-vending	HOST	vending-for-construction-sites	3	5	0
case-study-dealership-vending-success	HOST	vending-for-dealerships	0	5	3
case-study-green-vending-success	HOST	eco-friendly-vending	0	6	2
case-study-gym-vending-satisfaction	HOST	vending-for-gyms	0	5	3
case-study-logistics-hub-vending	HOST	vending-for-logistics-hubs	0	8	0
case-study-mall-vending-success	HOST	vending-for-retail-locations	0	2	6
case-study-micro-markets-logistics	HOST	vending-for-logistics-hubs	0	8	0
case-study-ppe-vending	HOST	specialty-vending-machines	0	5	3
case-study-smart-vending-implementation	HOST	vending-technology	0	3	5
case-study-specialty-vending-success	HOST	specialty-vending-machines	0	7	1
case-study-stadium-vending-success	OPERATOR	vending-for-entertainment-venues	4	2	2
case-study-vending-contract-success	HOST	vending-contracts	0	4	4
case-study-vending-franchise-success	OPERATOR	vending-franchises	4	0	4
case-study-vending-in-a-manufacturing-facility	HOST	vending-for-manufacturing-companies	2	5	1
case-study-vending-in-hospital	HOST	vending-for-healthcare	0	4	4
case-study-vending-in-university	HOST	ai-vending-coolers	0	4	4
cash-vs-credit-card-readers-in-vending	OPERATOR	vending-business-startup	6	2	0
cashless-multi-language-vending	HOST	vending-for-airports	0	7	1
cashless-vending-at-universities	HOST	ai-vending-coolers	0	2	6
cashless-vending-payment-options	HOST	vending-technology	2	6	0
clothing-and-accessories-vending	HOST	specialty-vending-machines	0	4	4
cloud-based-vending-management	HOST	vending-technology	0	8	0
coffee-and-energy-drink-vending-for-dealerships	HOST	vending-for-dealerships	1	4	3
coffee-and-energy-vending-campus	OPERATOR	ai-vending-coolers	2	1	5
coffee-machines-with-milk-frothers-for-offices	HOST	blog-category	1	7	0
coffee-maker-cleaning-sanitation	HOST	blog-category	0	7	1
coffee-service-providers	HOST	blog-category	0	7	1
coffee-subscription-services-for-offices	HOST	blog-category	0	8	0
coffee-vending-for-job-sites	HOST	vending-for-construction-sites	5	3	0
coffee-vending-for-logistics-facilities	HOST	vending-for-logistics-hubs	0	8	0
coffee-vending-in-hospitals	HOST	vending-for-healthcare	0	7	1
coffee-vending-machines	HOST	specialty-vending-machines	0	8	0
cold-brew-iced-coffee-office	HOST	blog-category	2	6	0
cold-calling-tips-for-vending-operators	OPERATOR	vending-machine-locators	8	0	0
combo-vending-machines-for-office-breakrooms	HOST	office-vending-services	0	8	0
commercial-office-coffee-makers	HOST	blog-category	0	8	0
commissions-in-vending-contracts	HOST	vending-contracts	0	7	1
common-clauses-in-vending-contracts	HOST	vending-contracts	0	5	3
common-location-deal-breakers	OPERATOR	vending-machine-locators	8	0	0
common-mistakes-in-vending-franchises	OPERATOR	vending-franchises	0	0	8
common-mistakes-new-vending-operators-make	OPERATOR	vending-business-startup	0	0	8
community-center-vending-services	HOST	vending-for-public-buildings	0	3	5
community-partnerships-school-vending	HOST	vending-for-schools	0	4	4
comparing-office-coffee-machine-brands	HOST	blog-category	0	8	0
compliance-requirements-in-vending-contracts	HOST	vending-contracts	2	6	0
concert-venue-vending-options	HOST	vending-for-entertainment-venues	0	4	4
contract-terms-with-vending-management-companies	HOST	vending-management-companies	0	8	0
convenience-store-vending-machines	HOST	vending-for-retail-locations	2	4	2
corporate-sustainability-and-vending	HOST	eco-friendly-vending	0	7	1
cost-benefit-self-full-service-vending-logistics	HOST	vending-for-logistics-hubs	0	8	0
cost-of-ai-vending-coolers	HOST	ai-vending-coolers	0	7	1
cost-of-healthy-vending-services	HOST	healthy-vending-service	0	8	0
cost-of-micro-market-services	HOST	micro-market-services	0	8	0
cost-of-office-coffee-service	HOST	blog-category	0	8	0
cost-of-office-vending-services	HOST	office-vending-services	0	8	0
cost-of-vending-for-airports	OPERATOR	vending-for-airports	7	0	1
cost-of-vending-for-colleges	HOST	ai-vending-coolers	1	7	0
cost-of-vending-for-gyms	HOST	vending-for-gyms	1	5	2
cost-of-vending-for-manufacturing-plants	HOST	vending-for-manufacturing-companies	2	6	0
cost-of-vending-franchise	OPERATOR	vending-franchises	0	0	8
cost-of-vending-in-apartment-buildings	HOST	vending-for-apartments	1	7	0
cost-of-vending-in-auto-dealerships	HOST	vending-for-dealerships	0	8	0
cost-of-vending-management-services	HOST	vending-management-companies	0	8	0
cost-of-vending-services-for-hotels	OPERATOR	vending-for-hotels	6	2	0
cost-of-vending-services-for-schools	HOST	vending-for-schools	0	5	3
cost-of-vending-services-for-warehouses	HOST	vending-for-warehouses	1	7	0
cost-to-start-a-vending-business	OPERATOR	vending-business-startup	0	0	8
cross-curricular-learning-school-vending	HOST	vending-for-schools	0	4	4
custom-branded-ai-vending-coolers	HOST	ai-vending-coolers	0	8	0
custom-branded-specialty-vending	HOST	specialty-vending-machines	0	7	1
custom-branded-vending-machines-for-hotels	OPERATOR	vending-for-hotels	3	0	5
custom-branded-vending-machines-for-offices	HOST	office-vending-services	0	8	0
custom-branding-construction-vending	HOST	vending-for-construction-sites	0	6	2
custom-branding-factory-vending	HOST	vending-for-manufacturing-companies	0	6	2
custom-branding-government-vending	HOST	vending-for-public-buildings	0	6	2
custom-branding-vending-factory-culture	HOST	vending-for-manufacturing-companies	0	6	2
custom-branding-venue-vending	HOST	vending-for-entertainment-venues	0	8	0
custom-coffee-service-packages-for-corporate-offices	HOST	blog-category	0	8	0
custom-gym-vending-branding	HOST	vending-for-gyms	0	7	1
custom-vending-airport-brands	HOST	vending-for-airports	2	3	3
custom-vending-campus-culture	HOST	ai-vending-coolers	0	2	6
custom-vending-hospital-departments	HOST	vending-for-healthcare	0	6	2
custom-vending-machine-programs-for-warehouses	HOST	vending-for-warehouses	0	7	1
custom-vending-options-for-multifamily	HOST	vending-for-apartments	0	6	2
custom-vending-programs-for-manufacturing	HOST	vending-for-manufacturing-companies	0	8	0
custom-vending-solutions-from-management-companies	HOST	vending-management-companies	0	5	3
custom-vending-theme-parks	HOST	vending-for-entertainment-venues	0	4	4
custom-vending-wraps-dealerships	HOST	vending-for-dealerships	0	6	2
customer-experience-retail-vending	HOST	vending-for-retail-locations	0	4	4
customer-experience-vending-in-dealerships	HOST	vending-for-dealerships	0	8	0
customer-lounge-vending-for-dealerships	HOST	vending-for-dealerships	0	8	0
customer-satisfaction-vending-management	HOST	vending-management-companies	0	3	5
customize-vending-machine-inventory	HOST	vending-Info-for-businesses	2	6	0
customized-vending-for-logistics	HOST	vending-for-logistics-hubs	0	8	0
customizing-office-coffee-bar	HOST	blog-category	0	8	0
customizing-vending-inventory-shift-workers	HOST	vending-for-warehouses	0	8	0
customizing-vending-user-interfaces	HOST	vending-for-warehouses	0	5	3
cybersecurity-smart-vending-networks	HOST	vending-technology	0	8	0
data-analytics-vending-machine-optimization	OPERATOR	vending-technology	6	2	0
data-analytics-venue-vending	HOST	vending-for-entertainment-venues	0	1	7
data-driven-inventory-manufacturing-vending	HOST	vending-for-manufacturing-companies	0	6	2
data-driven-vending-construction	HOST	vending-for-construction-sites	3	5	0
data-driven-vending-government	HOST	vending-for-public-buildings	0	8	0
data-driven-vending-product-mix	HOST	vending-for-apartments	0	8	0
data-optimization-airport-vending	HOST	vending-for-airports	2	6	0
dealership-vending-compliance-regs	HOST	vending-for-dealerships	0	5	3
dealership-vending-data-analytics	HOST	vending-for-dealerships	1	6	1
dealership-vending-logistics	OPERATOR	vending-for-dealerships	3	0	5
dealership-vending-payment-systems	HOST	vending-for-dealerships	0	7	1
dealership-vending-placement-flow	HOST	vending-for-dealerships	0	8	0
dealership-vending-revenue-opportunities	HOST	vending-for-dealerships	0	8	0
dealership-vending-staff-training	HOST	vending-for-dealerships	0	6	2
dealership-vending-uptime-strategies	HOST	vending-for-dealerships	0	5	3
difference-between-micro-market-and-mini-mart	HOST	micro-market-services	0	8	0
difference-between-vending-and-micro-markets	HOST	vending-Info-for-businesses	0	8	0
digital-advertising-on-vending-machines	HOST	vending-technology	0	6	2
diy-gym-vending-maintenance	HOST	vending-for-gyms	0	2	6
do-businesses-earn-commission-from-vending	HOST	vending-faq	0	7	1
do-businesses-pay-for-vending-electricity	HOST	vending-faq	0	7	1
do-vending-machines-accept-credit-cards	HOST	vending-faq	2	4	2
do-vending-machines-need-insurance	HOST	vending-faq	0	8	0
do-vending-machines-need-wifi	OPERATOR	vending-faq	5	1	2
do-vending-machines-need-wifi-or-power	HOST	vending-Info-for-businesses	2	6	0
do-vending-machines-require-special-outlets	HOST	vending-faq	0	8	0
do-vending-machines-work-in-power-outages	HOST	vending-faq	2	4	2
do-vending-management-companies-own-the-machines	HOST	vending-management-companies	1	7	0
do-you-need-a-license-for-vending	OPERATOR	vending-business-startup	0	0	8
durable-vending-harsh-factory	HOST	vending-for-manufacturing-companies	0	4	4
early-termination-of-vending-contracts	HOST	vending-contracts	0	6	2
eco-friendly-commissions-and-revenue	HOST	eco-friendly-vending	0	6	2
eco-friendly-dealership-vending	HOST	vending-for-dealerships	0	8	0
eco-friendly-office-coffee-options	HOST	blog-category	0	5	3
eco-friendly-vending	MIXED		0	0	0
eco-friendly-vending-for-construction-sites	HOST	vending-for-construction-sites	2	6	0
eco-friendly-vending-for-entertainment	HOST	vending-for-entertainment-venues	0	6	2
eco-friendly-vending-for-retail	HOST	vending-for-retail-locations	0	8	0
eco-friendly-vending-franchises	OPERATOR	vending-franchises	1	1	6
eco-friendly-vending-in-logistics-hubs	HOST	vending-for-logistics-hubs	0	8	0
eco-friendly-vending-in-offices	HOST	eco-friendly-vending	1	7	0
eco-friendly-vending-in-schools	HOST	eco-friendly-vending	0	3	5
eco-friendly-vending-machines-overview	HOST	eco-friendly-vending	0	6	2
eco-friendly-vending-products	HOST	eco-friendly-vending	0	8	0
electrolyte-drinks-vending-machines	HOST	healthy-vending-service	3	5	0
electronics-vending-machines	HOST	specialty-vending-machines	0	6	2
emergency-campus-vending-planning	HOST	ai-vending-coolers	2	3	3
emergency-preparedness-school-vending	HOST	vending-for-schools	0	2	6
emergency-vending-construction	HOST	vending-for-construction-sites	3	5	0
emergency-vending-factories	HOST	vending-for-warehouses	2	2	4
emergency-vending-preparedness	HOST	vending-for-entertainment-venues	0	7	1
emergency-vending-public-shelters	HOST	vending-for-public-buildings	0	2	6
employee-breakroom-vending-in-dealerships	HOST	vending-for-dealerships	2	6	0
employee-breakroom-vending-in-retail	HOST	vending-for-retail-locations	3	2	3
employee-feedback-construction-vending	HOST	vending-for-construction-sites	2	6	0
employee-feedback-industrial-vending	HOST	vending-for-warehouses	2	4	2
employee-feedback-office-coffee	HOST	blog-category	0	6	2
employee-feedback-vending-services	HOST	vending-Info-for-businesses	1	7	0
employee-lounge-vending-for-government	HOST	vending-for-public-buildings	0	8	0
employee-snack-programs	HOST	office-vending-services	0	8	0
employee-vending-airport-staff	HOST	vending-for-airports	4	3	1
employee-vending-feedback	HOST	office-vending-services	0	7	1
energy-drink-vending-for-construction-workers	HOST	vending-for-construction-sites	3	5	0
energy-drink-vending-in-logistics-centers	HOST	vending-for-logistics-hubs	3	2	3
energy-drinks-pre-workout-gym-vending	HOST	vending-for-gyms	3	4	1
energy-efficiency-micro-markets	HOST	micro-market-services	1	7	0
energy-efficiency-of-ai-vending-coolers	HOST	ai-vending-coolers	0	8	0
energy-efficient-vending-for-healthcare	HOST	vending-for-healthcare	0	8	0
energy-efficient-vending-green-schools	HOST	vending-for-schools	0	6	2
energy-efficient-vending-manufacturing	HOST	vending-for-manufacturing-companies	0	6	2
energy-efficient-vending-offices	HOST	office-vending-services	0	8	0
energy-efficient-vending-public-service	HOST	vending-for-public-buildings	0	8	0
energy-efficient-vending-technology	HOST	vending-technology	0	8	0
energy-management-vending-fleets-logistics	HOST	vending-for-logistics-hubs	0	6	2
energy-star-vending-machines	HOST	eco-friendly-vending	0	8	0
equipment-durability-for-industrial-vending	HOST	vending-for-warehouses	1	5	2
ergonomic-vending-industrial-workflows	HOST	vending-for-warehouses	0	3	5
ergonomic-vending-placement-factories	HOST	vending-for-manufacturing-companies	0	5	3
ethical-sourcing-office-coffee	HOST	blog-category	0	4	4
ethical-sourcing-vending-products	HOST	eco-friendly-vending	0	5	3
exclusivity-in-vending-contracts	HOST	vending-contracts	0	7	1
exit-strategies-for-vending-franchise-owners	OPERATOR	vending-franchises	0	0	8
fair-trade-coffee-workplace	HOST	blog-category	0	8	0
financing-options-for-vending-franchises	OPERATOR	vending-franchises	0	0	8
food-vending-machines-for-construction-sites	HOST	vending-for-construction-sites	4	4	0
franchise-territories-in-vending	OPERATOR	vending-franchises	2	0	6
free-vending-location-leads-vs-paid-leads	OPERATOR	vending-machine-locators	8	0	0
free-vending-machine-options-for-offices	HOST	office-vending-services	0	7	1
free-vending-machines-for-apartments	HOST	vending-for-apartments	0	8	0
frozen-food-vending-machines	HOST	specialty-vending-machines	0	6	2
future-airport-vending-ai-robotics	HOST	vending-for-airports	0	8	0
future-apartment-vending-trends	HOST	vending-for-apartments	1	4	3
future-dealership-vending-trends	HOST	vending-for-dealerships	0	7	1
future-industrial-vending-tech	HOST	vending-for-warehouses	0	6	2
future-of-frictionless-vending-technology	HOST	ai-vending-coolers	2	6	0
future-of-specialty-vending	HOST	specialty-vending-machines	0	7	1
future-of-vending-franchises	OPERATOR	vending-franchises	1	0	7
future-school-vending-trends	HOST	vending-for-schools	0	4	4
future-trends-in-eco-vending	HOST	eco-friendly-vending	0	5	3
future-trends-in-vending-technology	HOST	vending-technology	2	5	1
future-university-vending-tech	HOST	ai-vending-coolers	0	1	7
future-vending-entertainment-venues	HOST	vending-for-entertainment-venues	2	6	0
future-vending-trends-logistics	HOST	vending-for-logistics-hubs	0	8	0
gamification-campus-vending-rewards	HOST	ai-vending-coolers	0	2	6
gamification-school-vending	HOST	vending-for-schools	0	5	3
gamified-gym-vending	HOST	vending-for-gyms	1	1	6
gluten-free-vending-machine-options	HOST	healthy-vending-service	3	5	0
government-policies-on-eco-vending	HOST	eco-friendly-vending	0	6	2
green-initiatives-in-vending-contracts	HOST	eco-friendly-vending	1	7	0
green-vending-in-public-sector	HOST	vending-for-public-buildings	0	7	1
green-vending-initiatives-campus	HOST	ai-vending-coolers	0	7	1
guest-feedback-on-hotel-vending-machines	HOST	vending-for-hotels	0	3	5
gym-franchise-vending-programs	OPERATOR	vending-for-gyms	5	0	3
gym-member-feedback-vending	HOST	vending-for-gyms	0	2	6
gym-staff-vending-oversight	HOST	vending-for-gyms	0	1	7
gym-vending-profit	OPERATOR	vending-for-gyms	2	1	5
gym-vending-roi-calculator	HOST	vending-for-gyms	0	4	4
gym-vending-security	HOST	vending-for-gyms	0	4	4
gym-vending-sponsorships	HOST	vending-for-gyms	1	2	5
handling-vending-issues-production-line	HOST	vending-for-manufacturing-companies	3	2	3
healthy-beverage-vending-hospitals	HOST	vending-for-healthcare	0	3	5
healthy-drink-options-in-vending	HOST	healthy-vending-service	1	7	0
healthy-options-in-micro-markets	HOST	micro-market-services	0	7	1
healthy-snack-machines-for-offices	HOST	office-vending-services	2	6	0
healthy-snack-options-for-vending-machines	HOST	healthy-vending-service	2	6	0
healthy-snack-policy-for-schools	HOST	vending-for-schools	0	4	4
healthy-snack-specialty-vending	HOST	specialty-vending-machines	0	8	0
healthy-vending-compliance-for-schools	HOST	healthy-vending-service	2	2	4
healthy-vending-for-apartment-residents	HOST	vending-for-apartments	0	8	0
healthy-vending-for-college-students	HOST	ai-vending-coolers	0	1	7
healthy-vending-for-construction-crews	HOST	vending-for-construction-sites	4	4	0
healthy-vending-for-factory-workers	HOST	vending-for-manufacturing-companies	1	7	0
healthy-vending-for-schools	HOST	vending-for-schools	0	3	5
healthy-vending-for-warehouse-employees	HOST	vending-for-warehouses	1	5	2
healthy-vending-in-government-facilities	HOST	vending-for-public-buildings	0	8	0
healthy-vending-in-hospitals-and-healthcare	OPERATOR	healthy-vending-service	2	0	6
healthy-vending-in-logistics-centers	HOST	vending-for-logistics-hubs	0	8	0
healthy-vending-machine-programs-for-gyms	HOST	healthy-vending-service	2	2	4
healthy-vending-machines-for-offices	HOST	healthy-vending-service	2	6	0
healthy-vending-machines-for-schools	HOST	healthy-vending-service	1	3	4
healthy-vending-options-in-hotels	HOST	vending-for-hotels	0	7	1
healthy-vending-policy-compliance	HOST	vending-for-public-buildings	0	8	0
healthy-vending-service	MIXED		0	0	0
healthy-vending-vs-traditional-vending	HOST	healthy-vending-service	0	8	0
healthy-vs-indulgent-gym-vending	OPERATOR	vending-for-gyms	6	2	0
high-capacity-coffee-makers-for-large-offices	HOST	blog-category	0	8	0
high-protein-snacks-for-gym-vending	HOST	vending-for-gyms	2	4	2
high-protein-snacks-for-vending-machines	HOST	healthy-vending-service	4	4	0
high-traffic-vending-for-airports	HOST	vending-for-airports	4	3	1
high-traffic-vs-low-traffic-location-strategy	OPERATOR	vending-machine-locators	8	0	0
hospital-vending-emergency-departments	HOST	vending-for-healthcare	0	5	3
hospital-vending-maintenance-schedules	HOST	vending-for-healthcare	1	5	2
hospital-vending-placement-guide	HOST	vending-for-healthcare	0	5	3
hospital-vending-revenue	HOST	vending-for-healthcare	0	7	1
hospital-vending-revenue-use	HOST	vending-for-healthcare	0	6	2
hot-food-vending-industrial-teams	HOST	vending-for-warehouses	0	7	1
hot-food-vending-machine-solutions	HOST	specialty-vending-machines	0	7	1
hotel-eco-friendly-vending	HOST	vending-for-hotels	0	6	2
hotel-future-vending-ai-robotics	OPERATOR	vending-for-hotels	7	1	0
hotel-vending-accessibility-ada	HOST	vending-for-hotels	0	8	0
hotel-vending-contracts-guide	HOST	vending-for-hotels	2	5	1
hotel-vending-electrical-needs	HOST	vending-for-hotels	0	7	1
hotel-vending-extended-stays	HOST	vending-for-hotels	0	7	1
hotel-vending-guest-satisfaction	HOST	vending-for-hotels	0	5	3
hotel-vending-interface-branding	HOST	vending-for-hotels	0	8	0
hotel-vending-inventory-management	OPERATOR	vending-for-hotels	4	1	3
hotel-vending-leasing-vs-buying	HOST	vending-for-hotels	4	3	1
hotel-vending-loyalty-programs	HOST	vending-for-hotels	0	7	1
hotel-vending-maintenance-checklist	HOST	vending-for-hotels	0	6	2
hotel-vending-marketing-guests	HOST	vending-for-hotels	0	0	8
hotel-vending-payment-options	HOST	vending-for-hotels	0	8	0
hotel-vending-pos-integration	HOST	vending-for-hotels	0	6	2
hotel-vending-regulatory-compliance	HOST	vending-for-hotels	0	7	1
hotel-vending-revenue-analytics	HOST	vending-for-hotels	0	8	0
hotel-vending-seasonal-products	HOST	vending-for-hotels	1	3	4
hotel-vending-security-measures	HOST	vending-for-hotels	0	6	2
hotel-vending-staff-training	HOST	vending-for-hotels	0	6	2
hotel-vending-troubleshooting-guide	HOST	vending-for-hotels	0	4	4
how-are-vending-machines-cleaned	HOST	vending-faq	2	6	0
how-are-vending-machines-installed	HOST	vending-faq	2	6	0
how-are-vending-prices-determined	HOST	vending-faq	0	8	0
how-do-vending-companies-make-money	HOST	vending-faq	0	7	1
how-do-vending-machine-commissions-work	HOST-LEAN		3	5	0
how-do-vending-machine-inventories-get-updated	MIXED	vending-faq	4	4	0
how-do-vending-machine-refunds-work	OPERATOR	vending-faq	4	0	4
how-does-cashless-vending-work	HOST	vending-faq	0	5	3
how-long-do-vending-machines-last	HOST	vending-faq	2	6	0
how-long-does-it-take-to-install-a-vending-machine	HOST	vending-Info-for-businesses	2	6	0
how-many-locations-do-you-need-to-be-profitable	OPERATOR	vending-machine-locators	8	0	0
how-many-machines-do-you-need-to-be-profitable	OPERATOR	vending-business-startup	8	0	0
how-micro-markets-improve-employee-satisfaction	HOST	micro-market-services	0	6	2
how-much-do-vending-services-cost	HOST	vending-Info-for-businesses	0	8	0
how-much-electricity-does-a-vending-machine-use	HOST	vending-faq	0	8	0
how-much-money-can-you-make-in-vending	OPERATOR	vending-business-startup	0	0	8
how-much-space-does-a-vending-machine-need	HOST-LEAN	vending-faq	3	5	0
how-much-weight-does-a-vending-machine-hold	HOST	vending-faq	1	7	0
how-office-managers-benefit-from-vending-services	HOST	office-vending-services	0	7	1
how-often-are-vending-machines-refilled	OPERATOR-LEAN	vending-faq	5	3	0
how-quickly-are-service-calls-handled	HOST	vending-faq	2	6	0
how-smart-vending-coolers-work	HOST	ai-vending-coolers	2	5	1
how-to-approach-businesses-for-vending	OPERATOR	vending-machine-locators	8	0	0
how-to-buy-your-first-vending-machine	MIXED		0	0	0
how-to-cancel-a-vending-contract	HOST	vending-contracts	0	8	0
how-to-choose-a-vending-management-company	HOST	vending-management-companies	0	8	0
how-to-choose-office-coffee-service	HOST	blog-category	0	8	0
how-to-close-a-deal-with-a-location	OPERATOR	vending-machine-locators	8	0	0
how-to-evaluate-a-vending-location	OPERATOR	vending-machine-locators	8	0	0
how-to-find-vending-machine-locations	OPERATOR	vending-machine-locators	8	0	0
how-to-find-your-first-vending-location	OPERATOR	vending-business-startup	0	0	8
how-to-get-a-vending-machine-for-your-business	HOST	vending-Info-for-businesses	0	8	0
how-to-get-locations-if-youre-new-to-vending	OPERATOR	vending-machine-locators	8	0	0
how-to-get-locations-without-cold-calling	OPERATOR	vending-machine-locators	8	0	0
how-to-get-vending-in-your-apartment-building	HOST	vending-for-apartments	0	8	0
how-to-get-vending-machines-in-your-gym	HOST	vending-for-gyms	1	3	4
how-to-get-vending-machines-in-your-hospital	HOST	vending-for-healthcare	1	6	1
how-to-get-vending-machines-in-your-school	HOST	vending-for-schools	0	7	1
how-to-get-vending-machines-on-campus	OPERATOR	ai-vending-coolers	5	2	1
how-to-grow-your-vending-business	OPERATOR	vending-business-startup	5	2	1
how-to-install-vending-in-your-warehouse	HOST	vending-for-warehouses	0	6	2
how-to-install-vending-machines-in-hotels	OPERATOR	vending-for-hotels	4	2	2
how-to-maintain-a-vending-machine	OPERATOR	vending-business-startup	8	0	0
how-to-negotiate-a-vending-contract	HOST	vending-contracts	0	6	2
how-to-place-vending-machine-in-airport	HOST	vending-for-airports	0	6	2
how-to-price-items-in-your-vending-machine	OPERATOR	vending-business-startup	8	0	0
how-to-renegotiate-location-terms	OPERATOR	vending-machine-locators	6	1	1
how-to-set-up-a-micro-market-in-your-office	HOST	micro-market-services	0	7	1
how-to-set-up-vending-in-a-manufacturing-plant	HOST	vending-for-manufacturing-companies	1	6	1
how-to-start-a-healthy-vending-machine-business	HOST	healthy-vending-service	0	0	8
how-to-start-a-vending-machine-business	OPERATOR	vending-business-startup	0	0	8
how-to-stock-an-office-coffee-station	HOST	blog-category	0	8	0
how-to-stock-hospital-vending-machines	HOST	vending-for-healthcare	2	3	3
how-to-stock-your-first-vending-machine	OPERATOR	vending-business-startup	0	0	8
how-to-stock-your-office-breakroom	HOST	office-vending-services	0	8	0
how-to-talk-to-businesses-about-vending	OPERATOR	vending-business-startup	8	0	0
how-to-write-a-vending-machine-proposal	OPERATOR	vending-machine-locators	8	0	0
how-vending-contracts-work	HOST	vending-Info-for-businesses	0	8	0
how-vending-locator-services-work	OPERATOR	vending-machine-locators	8	0	0
how-vending-management-companies-make-money	HOST	vending-management-companies	0	8	0
how-vending-management-companies-select-vendors	HOST	vending-management-companies	0	8	0
how-we-match-vendors-to-locations	HOST	vending-machine-locators	0	8	0
hydration-station-vending-for-sites	HOST	vending-for-construction-sites	3	2	3
hydration-vending-factories	HOST	vending-for-manufacturing-companies	2	2	4
ice-cream-vending-machines	HOST	specialty-vending-machines	0	7	1
industrial-parts-vending-machines	HOST	specialty-vending-machines	0	6	2
industrial-vending-machine-placement	HOST	vending-for-warehouses	0	5	3
industrial-vending-maintenance-guide	HOST	vending-for-warehouses	1	3	4
inflight-vending-kiosks	HOST	vending-for-airports	0	8	0
integrating-vending-data-factory-operations	HOST	vending-for-manufacturing-companies	0	5	3
interactive-coffee-brewing-office	HOST	blog-category	0	8	0
interactive-vending-civic-centers	HOST	vending-for-public-buildings	3	5	0
interactive-vending-fan-engagement	HOST	vending-for-entertainment-venues	0	3	5
interactive-vending-retail-experience	HOST	vending-for-retail-locations	0	8	0
interactive-vending-screens	HOST	vending-technology	0	8	0
inventory-management-in-micro-markets	HOST	micro-market-services	0	3	5
inventory-tracking-with-ai-coolers	HOST	ai-vending-coolers	3	3	2
iot-integration-in-vending	HOST	vending-technology	0	5	3
is-it-worth-paying-monthly-for-leads	OPERATOR	vending-machine-locators	8	0	0
is-vending-a-good-business-for-retirees	OPERATOR	vending-business-startup	0	0	8
is-vending-a-profitable-business	OPERATOR	vending-business-startup	6	0	2
keurig-office-coffee-solutions	HOST	blog-category	0	8	0
large-scale-logistics-vending	HOST	vending-for-logistics-hubs	0	8	0
late-night-vending-in-venues	HOST	vending-for-entertainment-venues	3	4	1
laundry-and-snack-vending-in-dorms	HOST	ai-vending-coolers	0	0	8
led-lighting-in-vending-machines	HOST	eco-friendly-vending	0	7	1
legal-aspects-operating-micro-markets	HOST	micro-market-services	0	6	2
legal-compliance-vending-logistics	HOST	vending-for-logistics-hubs	0	7	1
legal-vending-government-property	HOST	vending-for-public-buildings	0	8	0
legal-vending-residential-properties	HOST	vending-for-apartments	0	8	0
leveraging-vending-data-school-operations	HOST	vending-for-schools	0	2	6
liability-and-insurance-in-vending-contracts	HOST	vending-contracts	0	5	3
low-calorie-snacks-for-vending	HOST	healthy-vending-service	2	6	0
low-maintenance-office-snack-machines	HOST	office-vending-services	0	8	0
low-power-vending-cooling-systems	HOST	eco-friendly-vending	0	8	0
low-sugar-vending-machine-products	HOST	healthy-vending-service	2	6	0
loyalty-programs-vending-entertainment	HOST	vending-for-entertainment-venues	0	7	1
luxury-auto-dealership-vending	HOST	vending-for-dealerships	2	2	4
luxury-item-vending-at-airports	OPERATOR	vending-for-airports	2	0	6
luxury-item-vending-machines	OPERATOR-LEAN	specialty-vending-machines	3	2	3
luxury-vending-in-entertainment-venues	HOST	vending-for-entertainment-venues	0	4	4
luxury-vending-in-retail-centers	HOST	vending-for-retail-locations	0	6	2
mall-food-court-vending	OPERATOR	vending-for-retail-locations	1	0	7
managing-airport-vending-logistics	OPERATOR	vending-for-airports	4	0	4
managing-hospital-vending-multiple-locations	HOST	vending-for-healthcare	0	7	1
managing-logistics-hub-vending	HOST	vending-for-logistics-hubs	0	7	1
managing-multiple-job-site-vending	HOST	vending-for-construction-sites	0	8	0
managing-vending-contracts-agencies	HOST	vending-for-public-buildings	1	7	0
managing-vending-contracts-for-university-campuses	MIXED		0	0	0
managing-vending-in-school-campuses	HOST	vending-for-schools	0	5	3
managing-vending-inventory-high-volume	HOST	vending-for-warehouses	4	4	0
managing-vending-logistics-in-large-venues	HOST	vending-for-entertainment-venues	0	7	1
marketing-airport-vending-products	HOST	vending-for-airports	3	5	0
marketing-support-in-vending-franchises	OPERATOR	vending-franchises	2	0	6
maximize-campus-vending-revenue-share	HOST	ai-vending-coolers	0	2	6
measure-vending-machine-performance	HOST	vending-Info-for-businesses	0	8	0
measuring-roi-of-office-vending-servi	MIXED		0	0	0
medical-supply-vending-for-healthcare	HOST	vending-for-healthcare	0	3	5
medical-supply-vending-machines	HOST	specialty-vending-machines	0	6	2
merchandising-strategies-venue-vending	HOST	vending-for-entertainment-venues	0	3	5
micro-market-design-ideas-for-offices	HOST	micro-market-services	0	6	2
micro-market-employee-feedback-strategies	HOST	micro-market-services	1	7	0
micro-market-for-manufacturing-facilities	HOST	micro-market-services	0	8	0
micro-market-installation-checklist	HOST	micro-market-services	0	3	5
micro-market-kiosk-installation-guide	HOST	micro-market-services	0	6	2
micro-market-services	MIXED		0	0	0
micro-market-services-for-apartment-complexes	HOST	micro-market-services	0	3	5
micro-market-solutions-for-schools	HOST	micro-market-services	0	3	5
micro-market-vs-specialty-vending	HOST	specialty-vending-machines	0	6	2
micro-market-vs-vending-machines	HOST	micro-market-services	0	7	1
micro-markets-in-apartment-clubhouses	HOST	vending-for-apartments	0	4	4
micro-markets-in-education-facilities	HOST	vending-for-schools	0	1	7
micro-markets-in-warehouses	HOST	micro-market-services	0	6	2
micro-markets-remote-work-hubs	HOST	micro-market-services	0	7	1
micro-markets-vs-vending-in-hospitals	HOST	vending-for-healthcare	0	6	2
micro-markets-vs-vending-in-manufacturing	MIXED		0	0	0
micro-markets-vs-vending-on-campus	HOST	ai-vending-coolers	0	4	4
military-base-vending-services	OPERATOR	vending-for-public-buildings	4	0	4
mindful-snacking-vending-options	HOST	healthy-vending-service	1	7	0
mini-mart-vs-vending-in-hotel-settings	HOST	vending-for-hotels	0	3	5
minimizing-food-waste-school-vending	HOST	vending-for-schools	2	4	2
mistakes-to-avoid-when-landing-new-locations	OPERATOR	vending-machine-locators	8	0	0
mobile-apps-for-vending-purchases	MIXED	vending-technology	4	4	0
mobile-vending-for-job-sites	HOST	vending-for-construction-sites	2	6	0
multi-location-vending-contracts	HOST	vending-contracts	0	6	2
multi-unit-vending-franchise-ownership	OPERATOR	vending-franchises	2	0	6
multi-vendor-vending-construction	HOST	vending-for-construction-sites	0	8	0
national-vs-local-vending-companies	HOST	vending-management-companies	0	8	0
negotiating-airport-vending-partnerships	HOST	vending-for-airports	0	8	0
noise-reduction-vending-construction	HOST	vending-for-construction-sites	3	5	0
noise-reduction-vending-quiet-zones	HOST	vending-for-warehouses	0	8	0
non-gmo-vending-products	HOST	healthy-vending-service	1	7	0
nutrition-counseling-gym-vending	HOST	vending-for-gyms	0	3	5
nutritional-education-school-vending	HOST	vending-for-schools	3	4	1
office-coffee-creative-agencies	HOST	blog-category	0	5	3
office-coffee-delivery-services	HOST	blog-category	0	8	0
office-coffee-hospitality-industry	HOST	blog-category	0	6	2
office-coffee-machine-maintenance	HOST	blog-category	1	7	0
office-coffee-services	MIXED		0	0	0
office-coffee-solutions-for-co-working-spaces	OPERATOR	blog-category	8	0	0
office-coffee-vendors-near-me	HOST	blog-category	0	8	0
office-coffee-vs-local-coffee-shop	HOST	blog-category	0	8	0
office-vending-service-vs-buying-machines	HOST	office-vending-services	0	8	0
office-vending-services	MIXED		0	0	0
office-vending-solutions-for-facility-managers	HOST	office-vending-services	0	6	2
on-demand-vending-medical-device-reps	HOST	vending-for-healthcare	0	2	6
optimize-campus-vending-placement	HOST	ai-vending-coolers	1	1	6
optimizing-vending-placement-public-spaces	HOST	vending-for-public-buildings	1	7	0
organic-vending-machine-snacks	HOST	healthy-vending-service	2	6	0
outdoor-vending-for-parks-and-pools	OPERATOR	vending-for-public-buildings	4	2	2
outdoor-vending-for-sports-facilities	OPERATOR	vending-for-gyms	8	0	0
outdoor-vending-machines-for-job-sites	HOST	vending-for-construction-sites	2	6	0
parent-and-staff-approval-for-school-vending	HOST	vending-for-schools	0	5	3
payment-innovations-construction-vending	HOST	vending-for-construction-sites	1	6	1
payment-system-options-school-vending	HOST	vending-for-schools	0	8	0
permits-and-insurance-for-vending-business	OPERATOR	vending-business-startup	5	2	1
personalized-vending-experiences-ai	HOST	vending-technology	0	8	0
pet-supplies-vending-machines	HOST	specialty-vending-machines	0	6	2
pharmacy-vending-machines	HOST	specialty-vending-machines	0	8	0
placement-of-vending-in-logistics-hubs	HOST	vending-for-logistics-hubs	0	7	1
placement-of-vending-in-retail-centers	HOST	vending-for-retail-locations	0	6	2
placement-of-vending-on-construction-sites	HOST	vending-for-construction-sites	3	5	0
plant-based-protein-vending-choices	HOST	healthy-vending-service	0	8	0
pod-free-office-coffee-solutions	HOST	blog-category	0	8	0
pop-up-vending-special-events	HOST	vending-for-entertainment-venues	0	4	4
portable-vending-temporary-construction	HOST	vending-for-construction-sites	2	4	2
powering-vending-remote-industrial-sites	HOST	vending-for-warehouses	0	4	4
powering-vending-remote-warehouses	HOST	vending-for-warehouses	2	5	1
ppe-vending-machines	HOST	specialty-vending-machines	0	4	4
ppe-vending-machines-for-hospitals	HOST	vending-for-healthcare	0	1	7
predictive-maintenance-vending-machines	HOST	vending-technology	0	8	0
prepaid-vending-cards-gyms	OPERATOR	vending-for-gyms	7	1	0
prescription-medication-vending-machines	HOST	vending-for-healthcare	0	3	5
preventative-maintenance-industrial-vending	HOST	vending-for-warehouses	0	8	0
preventative-maintenance-manufacturing-vending	HOST	vending-for-manufacturing-companies	0	8	0
preventing-theft-unattended-retail-ai	HOST	ai-vending-coolers	0	4	4
procurement-of-vending-services-for-government	HOST	vending-for-public-buildings	1	7	0
promoting-hospital-wellness-vending	HOST	vending-for-healthcare	0	8	0
promotional-retail-vending-roi	HOST	vending-for-retail-locations	1	3	4
pros-and-cons-of-owning-a-vending-machine	OPERATOR	vending-business-startup	0	0	8
pros-and-cons-of-vending-franchises	OPERATOR	vending-franchises	8	0	0
protein-and-supplement-vending-gyms	HOST	vending-for-gyms	3	2	3
psychology-airport-vending-purchases	HOST	vending-for-airports	5	3	0
psychology-breakroom-design-factories	HOST	vending-for-manufacturing-companies	0	7	1
psychology-gym-vending-buys	HOST	vending-for-gyms	0	7	1
psychology-office-coffee-breaks	HOST	blog-category	0	8	0
psychology-snack-choices-industrial	OPERATOR	vending-for-warehouses	5	2	1
psychology-vending-purchases-events	HOST	vending-for-entertainment-venues	0	6	2
psychology-vending-resident-habits	HOST	vending-for-apartments	3	5	0
public-building-vending-logistics	HOST	vending-for-public-buildings	4	4	0
qr-code-vending-payments	MIXED	vending-technology	4	4	0
questions-to-ask-a-vending-management-company	HOST	vending-management-companies	0	8	0
questions-to-ask-before-accepting-a-location	OPERATOR	vending-machine-locators	8	0	0
questions-to-ask-before-signing-vending-contract	HOST	vending-contracts	0	5	3
recycling-programs-for-vending-machines	HOST	eco-friendly-vending	0	6	2
red-flags-when-hiring-a-vending-company	HOST	vending-management-companies	1	7	0
refillable-pod-systems-office	HOST	blog-category	0	8	0
refrigerated-vending-machines-for-offices	HOST	office-vending-services	0	8	0
refunds-for-vending-machine-errors	HOST	vending-faq	0	2	6
remote-employee-coffee-stipend	HOST	blog-category	0	8	0
remote-vending-machine-diagnostics	MIXED	vending-technology	4	4	0
remote-vending-machine-monitoring	HOST-LEAN	vending-Info-for-businesses	3	5	0
remote-vending-monitoring	HOST	office-vending-services	0	7	1
renewable-energy-campus-vending	HOST	ai-vending-coolers	0	8	0
renewable-energy-in-vending	HOST	eco-friendly-vending	0	7	1
renewal-notices-in-vending-contracts	HOST	vending-contracts	0	7	1
requirements-to-qualify-for-vending-services	HOST	vending-faq	0	8	0
resolve-vending-machine-issues	HOST-LEAN	vending-Info-for-businesses	3	4	1
retail-product-showcase-vending	HOST	vending-for-retail-locations	1	5	2
retail-vending-logistics	HOST	vending-for-retail-locations	4	4	0
retail-vending-merchandising-strategies	HOST	vending-for-retail-locations	0	8	0
retail-vending-payment-trends	HOST	vending-for-retail-locations	1	4	3
retail-vending-security-high-traffic	HOST	vending-for-retail-locations	3	4	1
retail-vending-vendor-selection	HOST	vending-for-retail-locations	0	8	0
revenue-opportunities-construction-vending	HOST	vending-for-construction-sites	0	5	3
revenue-opportunities-entertainment-vending	OPERATOR	vending-for-entertainment-venues	4	1	3
revenue-opportunities-logistics-vending	HOST	vending-for-logistics-hubs	0	8	0
revenue-opportunities-retail-vending	HOST	vending-for-retail-locations	0	8	0
revenue-sharing-for-apartment-vending	HOST	vending-for-apartments	0	8	0
revenue-sharing-public-building-vending	HOST	vending-for-public-buildings	0	7	1
robotics-automation-factory-vending	HOST	vending-for-manufacturing-companies	0	8	0
roi-office-vending	HOST	office-vending-services	0	8	0
roi-vending-industrial-environments	HOST	vending-for-warehouses	0	7	1
roi-vending-mixed-use-properties	HOST	vending-for-apartments	0	8	0
safety-and-security-of-vending-in-venues	HOST	vending-for-entertainment-venues	1	6	1
sample-blog-title	MIXED		0	0	0
sample-vending-contract-template	HOST	vending-contracts	0	8	0
sanitation-and-compliance-for-hospital-vending	HOST	vending-for-healthcare	2	4	2
school-administrator-guide-to-vending	HOST	vending-for-schools	0	3	5
school-compliant-vending-options	HOST	vending-for-schools	0	5	3
school-fundraising-through-vending	HOST	vending-for-schools	0	8	0
school-supply-vending-machines	HOST	specialty-vending-machines	0	4	4
school-vending-machine-guidelines-by-state	HOST	vending-for-schools	0	8	0
school-vending-machines-vs-concession-stands	HOST	vending-for-schools	0	7	1
seasonal-airport-vending-trends	HOST	vending-for-airports	5	3	0
seasonal-coffee-blends-office	HOST	blog-category	0	8	0
seasonal-dealership-vending-products	HOST	vending-for-dealerships	1	6	1
seasonal-event-based-vending-schools	HOST	vending-for-schools	0	4	4
seasonal-gym-vending-trends	HOST	vending-for-gyms	1	6	1
seasonal-promotional-vending	HOST	office-vending-services	0	8	0
seasonal-retail-vending-strategies	HOST	vending-for-retail-locations	2	6	0
seasonal-vending-apartment-products	HOST	vending-for-apartments	4	4	0
seasonal-vending-campus-events	HOST	ai-vending-coolers	1	2	5
seasonal-vending-hotel-offerings	HOST	vending-for-hotels	0	8	0
seasonal-vending-machine-products	MIXED	vending-Info-for-businesses	4	4	0
seasonal-vending-manufacturing-breakrooms	HOST	vending-for-manufacturing-companies	0	5	3
secure-vending-controlled-medical-samples	HOST	vending-for-healthcare	0	5	3
secure-vending-design-public	HOST	vending-for-public-buildings	1	7	0
security-for-construction-site-vending	HOST	vending-for-construction-sites	3	3	1
security-for-public-building-vending	HOST	vending-for-public-buildings	0	8	0
security-of-vending-in-logistics-hubs	HOST	vending-for-logistics-hubs	0	6	2
self-checkout-kiosk-for-breakrooms	HOST	micro-market-services	0	7	1
sensory-friendly-vending-schools	HOST	vending-for-schools	0	4	4
service-bay-vending-for-auto-centers	HOST	vending-for-dealerships	3	4	1
service-bay-vending-inventory	HOST	vending-for-dealerships	3	5	0
setup-and-installation-for-ai-vending-coolers	HOST	ai-vending-coolers	0	7	1
shift-friendly-vending-options	HOST	vending-for-manufacturing-companies	0	8	0
short-term-vs-long-term-vending-contracts	HOST	vending-contracts	0	8	0
should-you-offer-healthy-vending-options	HOST	vending-business-startup	1	4	3
should-you-pay-for-vending-locations	OPERATOR	vending-machine-locators	8	0	0
should-you-use-a-vending-locator-service	OPERATOR	vending-machine-locators	6	2	0
single-origin-coffee-workplaces	HOST	blog-category	0	8	0
small-footprint-boutique-vending	HOST	vending-for-retail-locations	0	1	7
smart-building-vending-integration	HOST	vending-for-apartments	0	4	4
smart-cooler-remote-work-hubs	HOST	ai-vending-coolers	3	3	2
smart-fridge-vending-for-breakrooms	HOST	ai-vending-coolers	0	7	1
smart-office-coffee-machine-features	HOST	blog-category	1	7	0
smart-vending-government-facilities	HOST	vending-for-public-buildings	0	8	0
smart-vending-lean-manufacturing	HOST	vending-for-manufacturing-companies	0	4	4
smart-vending-machine-design-principles	HOST-LEAN	vending-technology	3	5	0
smart-vending-machines-overview	MIXED	vending-technology	3	3	2
smoothie-vending-machines-for-gyms	HOST	vending-for-gyms	0	3	5
snack-and-beverage-options-for-factories	HOST	vending-for-manufacturing-companies	3	5	0
snack-and-beverage-programs-for-schools	HOST	vending-for-schools	0	7	1
snack-and-beverage-vending-for-airports	HOST	vending-for-airports	0	8	0
snack-and-drink-vending-for-logistics-workers	HOST	vending-for-logistics-hubs	0	8	0
snack-and-drink-vending-for-service-centers	HOST	vending-for-dealerships	3	3	2
snack-and-drink-vending-in-retail	HOST	vending-for-retail-locations	0	4	4
snack-machine-options-for-employees	HOST	office-vending-services	0	8	0
snack-machines-for-small-offices	HOST	office-vending-services	0	6	2
snack-options-for-warehouse-workers	HOST	vending-for-warehouses	0	7	1
snack-vending-for-construction-workers	HOST	vending-for-construction-sites	4	4	0
snack-vending-for-resident-lounges	HOST	vending-for-apartments	0	8	0
snack-vending-machines-in-hotel-common-areas	OPERATOR	vending-for-hotels	4	2	2
snacks-for-mechanics-in-dealerships	HOST	vending-for-dealerships	2	6	0
social-media-campus-vending-promo	OPERATOR	ai-vending-coolers	4	0	4
solar-powered-vending-machines	HOST	eco-friendly-vending	0	8	0
sound-light-vending-experiences	HOST	vending-for-entertainment-venues	0	8	0
specialty-vending-apartment-amenities	HOST	vending-for-apartments	0	7	1
specialty-vending-campus-needs	HOST	ai-vending-coolers	0	2	6
specialty-vending-machines	MIXED		0	0	0
specialty-vending-overview	HOST	specialty-vending-machines	0	6	2
specialty-vending-public-facilities	HOST	vending-for-public-buildings	4	4	0
stadium-and-arena-vending-services	HOST	vending-for-entertainment-venues	0	5	3
staff-lounge-vending-in-retail	HOST	vending-for-retail-locations	3	3	2
staff-training-vending-management	HOST	vending-for-entertainment-venues	1	7	0
state-regulations-for-healthy-vending	HOST	healthy-vending-service	0	6	2
stocking-gym-vending-machines	OPERATOR	vending-for-gyms	2	1	5
streamlining-inventory-public-vending	HOST	vending-for-public-buildings	0	6	2
student-feedback-school-vending	HOST	vending-for-schools	0	4	4
student-feedback-vending-management	HOST	ai-vending-coolers	1	1	6
subscription-vending-gyms	HOST	vending-for-gyms	0	5	3
supplier-relationships-construction-vending	HOST	vending-for-construction-sites	1	7	0
supplier-selection-industrial-vending	HOST	vending-for-warehouses	0	8	0
supply-chain-vending-manufacturing	HOST	vending-for-manufacturing-companies	0	7	1
sustainability-apartment-vending	HOST	vending-for-apartments	0	5	3
sustainability-features-logistics-vending	HOST	vending-for-logistics-hubs	0	4	4
sustainability-industrial-vending	HOST	vending-for-warehouses	0	8	0
sustainable-airport-vending	HOST	vending-for-airports	0	8	0
sustainable-eco-conscious-vending-products	HOST	healthy-vending-service	0	8	0
sustainable-gym-vending	HOST	vending-for-gyms	1	6	1
sustainable-packaging-in-vending	HOST	eco-friendly-vending	0	5	3
sustainable-supply-chains-vending	HOST	eco-friendly-vending	0	4	4
sustainable-vending-government-operations	HOST	vending-for-public-buildings	0	8	0
tax-benefits-gym-vending	HOST	vending-for-gyms	0	6	2
technology-in-logistics-vending	HOST	vending-for-logistics-hubs	0	7	1
technology-in-retail-vending	HOST	vending-for-retail-locations	3	5	0
telemetry-in-vending-machines	HOST	vending-technology	0	7	1
temperature-controlled-vending-perishables	HOST	vending-for-warehouses	0	7	1
termination-clauses-in-vending-agreements	HOST	vending-contracts	0	8	0
tips-for-solo-vending-operators	OPERATOR	vending-business-startup	8	0	0
toiletry-and-ppe-vending-for-travelers	HOST	vending-for-airports	0	6	2
tools-and-software-for-vending-businesses	OPERATOR	vending-business-startup	0	0	8
tools-to-track-vending-location-opportunities	OPERATOR	vending-machine-locators	8	0	0
top-healthy-vending-machine-companies	HOST	healthy-vending-service	0	8	0
top-vending-franchises	OPERATOR	vending-franchises	0	0	8
top-vending-management-companies-in-the-us	HOST	vending-management-companies	0	8	0
touchless-coffee-machines-for-offices	HOST	blog-category	0	6	2
touchless-office-vending-machines	HOST	office-vending-services	0	6	2
touchless-payment-micro-market-solutions	HOST	micro-market-services	0	8	0
touchless-vending-for-apartments	HOST	vending-for-apartments	0	6	2
touchless-vending-for-construction-workers	HOST	vending-for-construction-sites	3	5	0
touchless-vending-for-schools	HOST	vending-for-schools	0	8	0
touchless-vending-in-airports	HOST	vending-for-airports	0	2	6
touchless-vending-in-dealerships	HOST	vending-for-dealerships	0	5	3
touchless-vending-in-entertainment-venues	OPERATOR	vending-for-entertainment-venues	5	0	3
touchless-vending-in-hospitals	HOST	vending-for-healthcare	0	7	1
touchless-vending-in-logistics-centers	OPERATOR	vending-for-logistics-hubs	2	1	5
touchless-vending-in-manufacturing-environments	HOST	vending-for-manufacturing-companies	0	8	0
touchless-vending-machines	MIXED	vending-technology	4	4	0
touchless-vending-machines-for-gyms	HOST	vending-for-gyms	2	3	3
touchless-vending-machines-in-hotels	OPERATOR	vending-for-hotels	8	0	0
touchless-vending-machines-in-warehouses	HOST	vending-for-warehouses	2	6	0
touchless-vending-technology-explained	HOST	ai-vending-coolers	0	7	1
toy-vending-machines	HOST	specialty-vending-machines	0	5	3
training-and-support-in-vending-franchises	OPERATOR	vending-franchises	0	0	8
transit-station-vending-services	HOST	vending-for-public-buildings	3	4	1
travel-essentials-vending-machines	HOST	vending-for-airports	0	5	3
troubleshooting-vending-machine-issues	HOST-LEAN	vending-faq	3	4	1
understanding-vending-location-exclusivity	HOST	vending-machine-locators	0	4	4
understanding-vending-machine-technology	HOST	vending-business-startup	0	7	1
understanding-vending-service-contracts	HOST	vending-contracts	0	8	0
union-approval-for-employee-vending-services	HOST	vending-for-manufacturing-companies	0	8	0
university-vending-maintenance-guide	HOST	ai-vending-coolers	0	2	6
university-vending-procurement-guide	HOST	ai-vending-coolers	0	5	3
vegan-options-in-healthy-vending	HOST	healthy-vending-service	2	6	0
vending-accessibility-all-workers	HOST	vending-for-warehouses	0	7	1
vending-advertising-in-gyms	OPERATOR	vending-for-gyms	8	0	0
vending-air-cargo-logistics	HOST	vending-for-airports	4	4	0
vending-airport-concessions-partnerships	HOST	vending-for-airports	0	6	2
vending-airport-customer-service	HOST	vending-for-airports	0	6	2
vending-airport-emergency-preparedness	HOST	vending-for-airports	1	7	0
vending-airport-food-beverage-revenue	HOST	vending-for-airports	1	6	1
vending-airport-lounges-vip	HOST	vending-for-airports	2	5	1
vending-apartment-crisis-preparedness	HOST	vending-for-apartments	0	6	2
vending-at-boutique-fitness-studios	HOST	vending-for-gyms	0	4	4
vending-at-train-and-bus-stations	OPERATOR	vending-for-airports	3	1	4
vending-business-checklist	OPERATOR	vending-business-startup	0	0	8
vending-business-startup	MIXED		0	0	0
vending-business-taxes-and-deductions	OPERATOR	vending-business-startup	0	0	8
vending-business-vs-other-side-hustles	OPERATOR	vending-business-startup	0	0	8
vending-campus-dining-impact	OPERATOR	ai-vending-coolers	2	0	6
vending-cleaning-protocols-factories	HOST	vending-for-manufacturing-companies	0	3	5
vending-co-living-shared-amenity	HOST	vending-for-apartments	1	7	0
vending-community-engagement-apartments	HOST	vending-for-apartments	0	8	0
vending-contract-disputes	HOST	vending-contracts	0	8	0
vending-contract-lengths-and-renewals	HOST	vending-contracts	0	8	0
vending-contracts	MIXED		0	0	0
vending-contracts-for-healthcare	HOST	vending-for-healthcare	0	6	2
vending-contracts-for-hospitals	HOST	vending-contracts	0	6	2
vending-contracts-for-property-managers	HOST	vending-for-apartments	0	8	0
vending-contracts-for-schools	HOST	vending-contracts	0	3	5
vending-contracts-for-universities	HOST	ai-vending-coolers	0	6	2
vending-customer-service-troubleshooting	HOST	vending-for-apartments	0	8	0
vending-data-analytics-industrial	HOST	vending-for-warehouses	0	8	0
vending-data-analytics-offices	HOST	office-vending-services	2	6	0
vending-data-campus-systems-integration	HOST	ai-vending-coolers	1	1	6
vending-diverse-diets	HOST	office-vending-services	2	6	0
vending-employee-id-systems	HOST	vending-for-warehouses	0	7	1
vending-employee-wellness-programs	HOST	office-vending-services	0	8	0
vending-energy-consumption-warehouses	HOST	vending-for-warehouses	3	5	0
vending-energy-cost-savings-factories	HOST	vending-for-manufacturing-companies	0	3	5
vending-FAQs	MIXED		0	0	0
vending-for-airports	MIXED		0	0	0
vending-for-apartments	MIXED		0	0	0
vending-for-clinics-and-urgent-care	HOST	vending-for-healthcare	0	5	3
vending-for-colleges	MIXED		0	0	0
vending-for-construction-sites	MIXED		0	0	0
vending-for-coworking-offices	HOST	office-vending-services	0	6	2
vending-for-dealerships	MIXED		0	0	0
vending-for-different-gym-types	OPERATOR	vending-for-gyms	1	0	7
vending-for-entertainment-venues	MIXED		0	0	0
vending-for-gyms	MIXED		0	0	0
vending-for-healthcare	MIXED		0	0	0
vending-for-hotels	MIXED		0	0	0
vending-for-large-logistics-centers	HOST	vending-for-warehouses	1	2	5
vending-for-law-firms	HOST	office-vending-services	0	7	1
vending-for-logistics-hubs	MIXED		0	0	0
vending-for-manufacturing	MIXED		0	0	0
vending-for-nursing-homes	HOST	vending-for-healthcare	0	3	5
vending-for-outlet-malls	HOST	vending-for-retail-locations	4	4	0
vending-for-pet-friendly-apartment-complexes	HOST	vending-for-apartments	4	4	0
vending-for-public-buildings	MIXED		0	0	0
vending-for-rehab-centers	HOST	vending-for-healthcare	0	6	2
vending-for-retail-locations	MIXED		0	0	0
vending-for-schools	MIXED	resources	0	0	0
vending-for-shared-workspaces	OPERATOR	office-vending-services	8	0	0
vending-for-student-housing	HOST	vending-for-apartments	2	6	0
vending-for-warehouses	MIXED		0	0	0
vending-for-yoga-studios	OPERATOR	vending-for-gyms	2	0	6
vending-franchise-contracts	OPERATOR	vending-franchises	0	0	8
vending-franchise-faq	OPERATOR	vending-franchises	1	0	7
vending-franchise-growth-potential	OPERATOR	vending-franchises	1	0	7
vending-franchise-overview	OPERATOR	vending-franchises	1	0	7
vending-franchise-royalty-fees	OPERATOR	vending-franchises	0	0	8
vending-franchise-vs-independent	OPERATOR	vending-franchises	8	0	0
vending-franchise-vs-licensing	OPERATOR	vending-franchises	7	1	0
vending-franchises	MIXED		0	0	0
vending-government-employee-wellness	HOST	vending-for-public-buildings	1	7	0
vending-gym-software-integration	OPERATOR	vending-for-gyms	8	0	0
vending-hospital-construction-sites	HOST	vending-for-healthcare	0	3	5
vending-hospital-volunteer-lounges	HOST	vending-for-healthcare	0	4	4
vending-hotel-loyalty-programs	HOST	vending-for-hotels	0	8	0
vending-in-3pl-facilities	HOST	vending-for-logistics-hubs	0	8	0
vending-in-big-box-stores	HOST	vending-for-retail-locations	4	4	0
vending-in-childrens-hospitals	HOST	vending-for-healthcare	0	2	6
vending-in-courthouse-waiting-areas	OPERATOR	vending-for-public-buildings	1	0	7
vending-in-courthouses-and-dmv	HOST	vending-for-public-buildings	0	4	4
vending-in-department-stores	HOST	vending-for-retail-locations	0	8	0
vending-in-dormitories-and-residence-halls	HOST	ai-vending-coolers	0	2	6
vending-in-gaming-arcades	HOST	vending-for-entertainment-venues	0	6	2
vending-in-independent-vs-franchise-dealerships	HOST	vending-for-dealerships	0	7	1
vending-in-indoor-sports-centers	HOST	vending-for-entertainment-venues	0	5	3
vending-in-movie-theaters	HOST	vending-for-entertainment-venues	1	6	1
vending-in-private-vs-public-schools	HOST	vending-for-schools	0	4	4
vending-in-public-libraries	OPERATOR	vending-for-public-buildings	3	1	4
vending-in-remote-construction-sites	HOST	vending-for-construction-sites	0	8	0
vending-in-university-libraries-and-study-areas	HOST	ai-vending-coolers	0	2	6
vending-Info-for-businesses	MIXED		0	0	0
vending-kiosks-hospital-patient-rooms	HOST	vending-for-healthcare	0	3	5
vending-licensing-venue-permits	HOST	vending-for-entertainment-venues	4	4	0
vending-location-agreements-and-contracts	HOST	vending-machine-locators	0	8	0
vending-location-commission-explained	HOST	vending-machine-locators	0	8	0
vending-logistics-for-construction-projects	HOST	vending-for-construction-sites	3	5	0
vending-machine-accessibility-guests	HOST	vending-for-entertainment-venues	0	8	0
vending-machine-accessibility-students	HOST	vending-for-schools	0	3	5
vending-machine-breakroom-solutions	HOST	vending-for-manufacturing-companies	0	8	0
vending-machine-customization-school-spirit	HOST	vending-for-schools	0	6	2
vending-machine-design-aesthetics	HOST	vending-for-apartments	0	6	2
vending-machine-design-school-aesthetics	HOST	vending-for-schools	0	5	3
vending-machine-environmental-impact	HOST	vending-Info-for-businesses	0	7	1
vending-machine-financing-options	OPERATOR	vending-business-startup	8	0	0
vending-machine-inventory-management-tips	OPERATOR-LEAN	vending-faq	5	3	0
vending-machine-inventory-tracking	HOST	vending-technology	0	6	2
vending-machine-life-cycle-sustainability	HOST	eco-friendly-vending	0	5	3
vending-machine-location-success-stories	HOST	vending-machine-locators	0	8	0
vending-machine-locators	MIXED		0	0	0
vending-machine-placement-in-gyms	HOST	vending-for-gyms	1	3	4
vending-machine-placement-in-venues	HOST	vending-for-entertainment-venues	3	4	1
vending-machine-placement-strategies	HOST	vending-Info-for-businesses	2	6	0
vending-machine-placement-strategies-for-hotels	HOST	vending-for-hotels	0	7	1
vending-machine-placement-student-flow	HOST	vending-for-schools	0	6	2
vending-machine-repair-basics	OPERATOR	vending-business-startup	8	0	0
vending-machine-safety-in-schools	HOST	vending-for-schools	0	6	2
vending-machine-security-apartments	HOST	vending-for-apartments	0	8	0
vending-machine-security-hotel	HOST	vending-for-hotels	0	4	4
vending-machine-security-industrial-facilities	HOST	vending-for-manufacturing-companies	0	3	5
vending-machine-security-industrial-sites	OPERATOR	vending-for-warehouses	5	0	3
vending-machine-security-vandalism	HOST	vending-for-schools	0	5	3
vending-machine-size-and-space-requirements	HOST	vending-Info-for-businesses	0	8	0
vending-machine-size-apartment-layout	HOST	vending-for-apartments	0	7	1
vending-machine-uptime-venues	HOST	vending-for-entertainment-venues	0	6	2
vending-machines-and-student-food-insecurity	HOST	ai-vending-coolers	0	0	8
vending-machines-for-high-schools	HOST	vending-for-schools	0	7	1
vending-machines-for-hospital-waiting-rooms	HOST	vending-for-healthcare	0	8	0
vending-machines-for-industrial-facilities	HOST	vending-for-manufacturing-companies	0	4	4
vending-machines-for-outpatient-clinics	HOST	vending-for-healthcare	0	5	3
vending-machines-for-student-fundraising	HOST	ai-vending-coolers	0	2	6
vending-machines-for-tech-startups	HOST	office-vending-services	0	5	3
vending-machines-for-warehouse-breakrooms	HOST	vending-for-warehouses	0	8	0
vending-machines-in-luxury-apartments	HOST	vending-for-apartments	0	7	1
vending-machines-vs-micro-markets-in-warehouses	HOST	vending-for-warehouses	0	7	1
vending-maintenance-event-season	HOST	vending-for-entertainment-venues	0	7	1
vending-management-companies	MIXED		0	0	0
vending-management-employee-wellness	HOST	vending-management-companies	0	5	3
vending-management-for-franchise-locations	HOST	vending-management-companies	0	1	7
vending-management-for-multi-location-businesses	HOST	vending-management-companies	0	7	1
vending-management-hybrid-work	HOST	vending-management-companies	0	6	2
vending-management-legal-compliance	HOST	vending-management-companies	0	6	2
vending-management-multi-tenant-offices	HOST	vending-management-companies	0	7	1
vending-management-post-implementation	HOST	vending-management-companies	0	2	6
vending-management-productivity	HOST	vending-management-companies	0	3	5
vending-management-service-level-agreements-explained	HOST	vending-management-companies	0	8	0
vending-management-vs-self-managed	HOST	vending-management-companies	0	8	0
vending-management-vs-vending-lead-services	HOST	vending-management-companies	2	4	2
vending-manufacturing-productivity-benefits	HOST	vending-for-manufacturing-companies	0	7	1
vending-office-software-integration	HOST	office-vending-services	0	1	7
vending-payment-system-options	HOST	vending-Info-for-businesses	0	8	0
vending-performance-public-libraries	OPERATOR	vending-for-public-buildings	2	0	6
vending-power-energy-solutions	HOST	vending-for-entertainment-venues	0	7	1
vending-product-trends-college	OPERATOR	ai-vending-coolers	4	1	3
vending-programs-for-mixed-use-developments	HOST	vending-for-apartments	0	4	4
vending-public-health-initiatives	HOST	vending-for-public-buildings	0	1	7
vending-public-park-events	OPERATOR	vending-for-public-buildings	1	0	7
vending-remote-government-offices	HOST	vending-for-public-buildings	2	6	0
vending-remote-logistics-locations	HOST	vending-for-logistics-hubs	0	8	0
vending-resident-loyalty-programs	HOST	vending-for-apartments	0	8	0
vending-retail-loyalty-programs	HOST	vending-for-retail-locations	4	4	0
vending-role-school-nutrition-programs	HOST	vending-for-schools	0	4	4
vending-security-measures-anti-vandalism	HOST	vending-for-entertainment-venues	0	6	2
vending-senior-living-communities	HOST	vending-for-apartments	0	2	6
vending-service-amenities-for-leasing	HOST	vending-for-apartments	0	8	0
vending-service-learning-project	HOST	vending-for-schools	0	6	2
vending-services-for-20-employee-offices	HOST	office-vending-services	0	8	0
vending-services-for-airports-and-transit-hubs	HOST	vending-for-airports	0	7	1
vending-services-for-apartment-buildings	HOST	vending-for-apartments	0	8	0
vending-services-for-auto-dealerships	HOST	vending-for-dealerships	0	5	3
vending-services-for-civic-centers	HOST	vending-for-public-buildings	0	5	3
vending-services-for-colleges-and-universities	HOST	ai-vending-coolers	0	3	5
vending-services-for-construction-sites	HOST	vending-for-construction-sites	0	7	1
vending-services-for-elementary-schools	HOST	vending-for-schools	0	5	3
vending-services-for-elementary-schools2	MIXED		0	0	0
vending-services-for-elementary-schools3	MIXED		0	0	0
vending-services-for-government-buildings-and-offices	HOST	vending-for-public-buildings	1	7	0
vending-services-for-gyms-and-fitness-centers	HOST	vending-for-gyms	0	4	4
vending-services-for-hospitals-and-clinics	HOST	vending-for-healthcare	0	6	2
vending-services-for-hotels	HOST	vending-for-hotels	0	4	4
vending-services-for-logistics-hubs	HOST	vending-for-logistics-hubs	1	6	1
vending-services-for-manufacturing-plants	HOST	vending-for-manufacturing-companies	0	7	1
vending-services-for-office-administrators	HOST	office-vending-services	0	7	1
vending-services-for-shopping-malls	HOST	vending-for-retail-locations	1	1	6
vending-services-for-theaters-and-arenas	HOST	vending-for-entertainment-venues	0	7	1
vending-services-for-warehouses	HOST	vending-for-warehouses	0	7	1
vending-solutions-for-boutique-hotels	HOST	vending-for-hotels	0	2	6
vending-solutions-for-healthcare-staff-lounges	HOST	vending-for-healthcare	0	6	2
vending-solutions-for-school-districts	HOST	vending-for-schools	0	5	3
vending-solutions-remote-manufacturing	HOST	vending-for-manufacturing-companies	0	7	1
vending-specialized-manufacturing-zones	HOST	vending-for-manufacturing-companies	0	8	0
vending-student-mental-wellness	HOST	ai-vending-coolers	0	0	8
vending-supply-chain-disruptions-logistics	HOST	vending-for-logistics-hubs	0	8	0
vending-surveys-of-student-preferences	OPERATOR	ai-vending-coolers	3	1	4
vending-technology	MIXED		0	0	0
vending-telemetry-factory-insights	HOST	vending-for-manufacturing-companies	0	7	1
vending-temporary-furnished-apartments	HOST	vending-for-apartments	0	8	0
vending-theft-vandalism-prevention	HOST	office-vending-services	1	6	1
vending-vendor-selection-criteria	HOST	vending-Info-for-businesses	0	8	0
vending-ventilation-factories	OPERATOR	vending-for-manufacturing-companies	3	1	4
vending-vip-suites-premium	HOST	vending-for-entertainment-venues	0	4	4
vending-vs-cafeteria-in-hospitals	HOST	vending-for-healthcare	0	6	2
vending-vs-company-snacks	HOST	office-vending-services	0	6	2
vending-warehouse-worker-retention	HOST	vending-for-logistics-hubs	0	8	0
vending-worker-retention-manufacturing	HOST	vending-for-manufacturing-companies	1	7	0
vendor-relationship-vending-services	HOST	vending-management-companies	0	6	2
voice-enabled-vending-machines	HOST	vending-technology	0	8	0
waste-recycling-vending	HOST	office-vending-services	0	5	3
water-conservation-vending-operations	HOST	eco-friendly-vending	0	4	4
water-filtration-office-coffee	HOST	blog-category	0	6	2
water-vending-for-logistics-workers	HOST	vending-for-logistics-hubs	0	7	1
what-are-combo-vending-machines	HOST-LEAN	vending-faq	3	5	0
what-are-the-dimensions-of-a-vending-machine	HOST		2	6	0
what-happens-if-a-vending-machine-breaks	HOST	vending-faq	0	8	0
what-if-a-vending-machine-is-rarely-used	HOST	vending-faq	1	7	0
what-if-vending-machine-products-expire	HOST	vending-faq	1	6	1
what-is-a-micro-market-vending-kiosk	HOST	micro-market-services	0	6	2
what-is-a-vending-management-company	HOST	vending-management-companies	0	8	0
what-is-an-ai-vending-cooler	HOST	ai-vending-coolers	1	3	4
what-is-an-ai-vending-machine	HOST	vending-business-startup	0	4	4
what-is-full-service-vending	HOST	vending-Info-for-businesses	0	8	0
what-is-the-minimum-number-of-employees-for-vending	HOST	vending-faq	2	6	0
what-products-sell-best-in-vending-machines	OPERATOR	vending-business-startup	8	0	0
what-security-features-do-vending-machines-have	HOST-LEAN		3	5	0
what-to-do-if-a-location-is-underperforming	OPERATOR	vending-machine-locators	8	0	0
what-to-know-before-starting-a-vending-business	OPERATOR	vending-business-startup	0	0	8
what-to-look-for-in-a-vending-company	HOST	vending-faq	0	7	1
what-types-of-businesses-accept-vending-machines	OPERATOR	vending-machine-locators	3	5	0
wheelchair-accessible-vending-options	HOST	vending-for-healthcare	0	8	0
where-to-buy-vending-machines	OPERATOR	vending-business-startup	5	0	3
where-to-place-vending-machines	OPERATOR	vending-faq	6	2	0
who-fills-and-restocks-vending-machines	HOST	vending-Info-for-businesses	2	6	0
who-pays-for-vending-machine-repairs	HOST	vending-faq	0	6	2
who-restocks-and-maintains-vending-machines	HOST	vending-faq	0	8	0
why-corporate-offices-use-vending-management-companies	HOST	vending-management-companies	0	8	0
why-hr-managers-choose-office-vending	HOST	office-vending-services	0	7	1
winterization-outdoor-vending	HOST	vending-for-entertainment-venues	0	7	1
worker-safety-vending-placement-logistics	HOST	vending-for-logistics-hubs	0	4	4
worker-wellness-construction-vending	HOST	vending-for-construction-sites	2	6	0
zero-waste-vending-solutions	HOST	eco-friendly-vending	0	8	0
