asset_type	slug	category	cta_excerpt
pack	ai-vending-coolers-for-apartments	ai-vending-coolers	Get the apartment AI cooler pack — Want the apartment AI cooler evaluation pack (property-fit checklist, operator shortlist, planogram template)?
pack	ai-vending-coolers-for-hotels	ai-vending-coolers	Get the hotel AI cooler pack — Want the hotel AI cooler evaluation pack (revenue model, PMS integration checklist, brand-finish design guide)?
pack	campus-vending-security-measures	ai-vending-coolers	Get the campus security pack — Want the campus vending security pack (physical + AI cooler + cyber framework, operator + campus police MoU template, cybersecurity baseline checklist, student communica
pack	career-center-and-gym-vending-on-campus	ai-vending-coolers	Get the campus placement pack — Want the campus placement planogram pack (career center + gym, with budget-subsidization templates)?
pack	case-study-ai-vending-in-warehouse-facility	ai-vending-coolers	Get the warehouse AI cooler pack — Want the warehouse AI cooler deployment pack (site survey, planogram template, SLA framework)?
pack	case-study-vending-in-university	ai-vending-coolers	Get the university deployment pack — Want the university AI cooler deployment pack (placement fit + integration + onboarding + STARS reporting)?
pack	cost-of-vending-for-colleges	ai-vending-coolers	Get the campus cost pack — Want the college + university vending cost pack (contract structures, commission negotiation, AI cooler vs combo evaluation, campus card SDK framework, operator selection ch
pack	future-university-vending-tech	ai-vending-coolers	Get the university vending pack — Want the university vending technology roadmap (5-year plan, RFP template, integration checklist, operator evaluation framework)?
pack	healthy-vending-for-college-students	ai-vending-coolers	Get the campus AI cooler pack — Want the campus AI cooler design pack (planogram framework, RFP language, payment integration scope)?
pack	laundry-and-snack-vending-in-dorms	ai-vending-coolers	Get the dorm vending pack — Want the dorm vending program design pack (per-placement planograms, sizing model, campus-card integration checklist)?
pack	social-media-campus-vending-promo	ai-vending-coolers	Get the campus campaign pack — Want the campus social campaign template pack (calendar, creative briefs, sponsor pitch deck) as a downloadable bundle?
pack	vending-contracts-for-universities	ai-vending-coolers	Get the university contract pack — Want the university vending contract template (master agreement, per-placement addenda, governance, AI cooler scope)?
pack	vending-data-campus-systems-integration	ai-vending-coolers	Get the campus integration pack — Want the campus vending data integration pack (architecture diagram, system-by-system integration spec, FERPA + IRB framework, BI dashboard templates, operator data A
pack	vending-in-university-libraries-and-study-areas	ai-vending-coolers	Get the library AI vending pack — Want the university library AI vending pack (placement criteria, equipment spec, finals-week SOP, campus card integration checklist, library administration approval f
pack	vending-machines-and-student-food-insecurity	ai-vending-coolers	Get the food-security vending pack — Want the campus food-security vending implementation pack (model selection guide, planogram, FERPA checklist, operator coordination workflow)?
pack	vending-machines-for-student-fundraising	ai-vending-coolers	Get the student fundraising pack — Want the AI cooler student fundraising pack (commission framework, Smart Snacks checklist, placement matrix, operator selection)?
pack	vending-student-mental-wellness	ai-vending-coolers	Get the wellness vending pack — Want the campus wellness vending implementation pack (planogram, signage, health services partnership template)?
pack	best-office-coffee-machines-for-small-teams	blog-category	Get the coffee program pack — Want the small-team coffee evaluation guide (cup-count worksheet, equipment shortlist, OCS RFP template)?
pack	coffee-machines-with-milk-frothers-for-offices	blog-category	Get the milk-frother pack — Want the office milk-frother machine pack (category match by office size, equipment shortlist, OCS contract scope, water filtration spec, alternative milk support)?
pack	custom-coffee-service-packages-for-corporate-offices	blog-category	Get the custom OCS framework — Want the custom OCS package framework — seven dimensions, matrix-mapped bundles, and reference-check guidance?
pack	office-coffee-machine-maintenance	blog-category	Get the coffee maintenance pack — Want the office coffee maintenance pack (daily checklist, OCS contract scope, descaling cadence, water filtration spec, quarterly PM documentation)?
pack	smart-office-coffee-machine-features	blog-category	Get the smart machine pack — Want the smart office coffee machine pack (six-feature framework, equipment shortlist, mobile app onboarding, network connectivity spec, OCS integration)?
pack	carbon-footprint-of-vending-machines	eco-friendly-vending	Get the carbon framework — Want the vending carbon footprint analysis framework (electricity + refrigerant + vehicle + packaging) and reduction stack?
pack	eco-friendly-vending-in-offices	eco-friendly-vending	Get the office sustainability framework — Want the office vending sustainability framework (ENERGY STAR + low-GWP + telemetry + packaging + recycling + ESG reporting)?
pack	eco-friendly-vending-in-schools	eco-friendly-vending	Get the eco-school framework — Want the eco-friendly school vending framework (ENERGY STAR + low-GWP + telemetry + packaging + recycling + hydration)?
pack	sustainable-packaging-in-vending	eco-friendly-vending	Get the sustainable packaging framework — Want the sustainable packaging vending framework (seven shifts, supplier procurement criteria, corporate sustainability mandate alignment)?
pack	healthy-snack-options-for-vending-machines	healthy-vending-service	Get the healthy snack pack — Want the healthy snack vending pack (threshold framework, SKU catalog by category, planogram templates, measurement framework)?
pack	healthy-vending-machines-for-schools	healthy-vending-service	Get the school vending pack — Want the school healthy vending pack (Smart Snacks compliance framework, SKU catalog, audit documentation template, operator selection checklist)?
pack	low-sugar-vending-machine-products	healthy-vending-service	Get the low-sugar pack — Want the low-sugar vending pack (threshold framework, SKU catalog, planogram templates, measurement framework)?
pack	non-gmo-vending-products	healthy-vending-service	Get the Non-GMO pack — Want the Non-GMO vending pack (certification framework comparison, certified SKU catalog by category, planogram templates, measurement framework)?
pack	plant-based-protein-vending-choices	healthy-vending-service	Get the plant-based vending pack — Want the plant-based protein vending planogram framework (six categories + demographic matching + velocity tracking)?
pack	breakroom-snack-and-beverage-packages	office-vending-services	Get the package toolkit — Want the office snack and beverage package toolkit (survey template, archetype selector, planogram framework, ESG sourcing checklist, quarterly review template)?
pack	refrigerated-vending-machines-for-offices	office-vending-services	Get the refrigerated equipment pack — Want the refrigerated office vending equipment pack (glass-front + combo + fresh food + AI cooler specifications + ENERGY STAR + R-290 + HACCP framework)?
pack	seasonal-promotional-vending	office-vending-services	Get the seasonal vending pack — Want the seasonal + promotional vending pack (annual calendar + five mechanics + ERG + DEI + wellness integration + brand partnership + member-app reward)?
pack	vending-for-shared-workspaces	office-vending-services	Get the coworking vending pack — Want the shared workspace vending pack (operator-neutral + tenant-management integration + multi-language + dietary inclusivity + hospitality-grade aesthetic)?
pack	vending-machines-for-tech-startups	office-vending-services	Get the tech startup pack — Want the tech startup vending pack (stage transitions + dietary inclusivity + wellness-app integration + ESG sourcing)?
pack	waste-recycling-vending	office-vending-services	Get the sustainability framework — Want the office vending waste + recycling framework (packaging + bins + supplier + telemetry + ESG QBR)?
pack	frozen-food-vending-machines	specialty-vending-machines	Get the frozen vending pack — Want the frozen food vending pack (equipment specifications, FSMA compliance framework, placement criteria, operator capability profile)?
pack	ice-cream-vending-machines	specialty-vending-machines	Get the ice cream pack — Want the ice cream vending placement pack (equipment match, cold-chain SLA template, seasonal plan, commission framework)?
pack	are-there-eco-friendly-vending-machines	vending-faq	Get the eco-friendly framework — Want the eco-friendly vending RFP framework (ENERGY STAR, refrigerant, telemetry, packaging)?
pack	can-vending-machines-be-customized	vending-faq	Get the customization pack — Want the vending customization pack (six-dimension framework, brand finish spec, closed-loop SDK timeline, tier-based pricing setup, BI export configuration)?
pack	can-vending-machines-sell-fresh-food	vending-faq	Get the fresh-food evaluation pack — Want the fresh-food vending site qualification checklist + operator-evaluation rubric (with supply-chain interview script)?
pack	how-do-vending-companies-make-money	vending-faq	Get the vending economics pack — Want the vending economics analysis pack (unit economics model, operator selection framework, commission negotiation template)?
pack	how-quickly-are-service-calls-handled	vending-faq	Get the service-call pack — Want the vending service-call SLA pack (four-tier framework, refund standards, telemetry spec, credit mechanism, monthly scorecard)?
pack	high-traffic-vending-for-airports	vending-for-airports	Get the airport vending pack — Want the high-traffic airport vending pack (99.5% uptime + multi-lingual + multi-currency + international wallet + hardened security + concession compliance)?
pack	luxury-item-vending-at-airports	vending-for-airports	Get the luxury vending packet — Want the luxury vending evaluation packet (gateway-traffic data, equipment vendor list, ROI model)?
pack	apartment-complex-vending-solutions	vending-for-apartments	Get the apartment vending pack — Want the apartment vending program design template (property-type sizing, zone planning, operator RFP)?
pack	beverage-vending-machines-in-apartments	vending-for-apartments	Get the apartment beverage pack — Want the apartment beverage cabinet design template (cabinet selection, planogram per zone, operator RFP scorecard)?
pack	custom-vending-options-for-multifamily	vending-for-apartments	Get the multifamily custom pack — Want the multifamily custom vending RFP template (5-dimension spec, operator scoring matrix, contract addendum)?
pack	free-vending-machines-for-apartments	vending-for-apartments	Get the free vending pack — Want the apartment free vending framework (service-model variants + operator qualification + contract template)?
pack	psychology-vending-resident-habits	vending-for-apartments	Get the apartment planogram pack — Want the apartment vending behavior-aware planogram pack?
pack	snack-vending-for-resident-lounges	vending-for-apartments	Get the lounge snack pack — Want the resident lounge snack vending design template (cabinet selection, planogram per lounge type, operator RFP)?
pack	specialty-vending-apartment-amenities	vending-for-apartments	Get the specialty vending pack — Want the specialty vending selection framework (demographic match, equipment specs, operator capability checklist)?
pack	vending-apartment-crisis-preparedness	vending-for-apartments	Get the crisis-preparedness pack — Want the apartment vending crisis-preparedness pack (staples planogram, backup power spec, continuity SOP template)?
pack	vending-co-living-shared-amenity	vending-for-apartments	Get the co-living vending pack — Want the co-living vending pack (format selection framework, equipment spec, planogram template, member-app SDK integration checklist, brand finish framework)?
pack	vending-machine-design-aesthetics	vending-for-apartments	Get the aesthetic design pack — Want the apartment vending aesthetic design pack (vinyl-wrap design brief, cabinet finish specs, surrounding zone integration)?
pack	vending-temporary-furnished-apartments	vending-for-apartments	Get the corporate housing pack — Want the corporate housing vending design pack (planogram template, AI cooler decision tree, operator SLA)?
pack	eco-friendly-vending-for-construction-sites	vending-for-construction-sites	Get the eco-friendly construction framework — Want the eco-friendly construction vending framework (ENERGY STAR + low-GWP + telemetry + packaging + recycling)?
pack	vending-in-remote-construction-sites	vending-for-construction-sites	Get the remote-site vending pack — Want the remote construction site vending framework (equipment specification, telemetry stack, payment-stack, weather enclosure, safety-officer coordination)?
pack	vending-licensing-venue-permits	vending-for-entertainment-venues	Get the venue licensing pack — Want the entertainment venue vending licensing pack (six-layer permit checklist, master concessionaire navigation, alcohol compliance review, badging timeline)?
pack	cost-of-vending-for-gyms	vending-for-gyms	Get the gym cost pack — Want the gym vending cost pack (contract structures, commission negotiation, recovery cooler evaluation, gym-app SDK framework, operator selection checklist)?
pack	custom-gym-vending-branding	vending-for-gyms	Get the gym branding pack — Want the custom gym vending branding pack (five-layer stack + tier-1 operator + brand guidelines + class schedule integration + co-branded product sourcing + ROI measuremen
pack	diy-gym-vending-maintenance	vending-for-gyms	Get the DIY gym maintenance pack — Want the DIY gym vending maintenance pack (daily / weekly / monthly cadence + approved tools + operator boundary + member-triage script)?
pack	gamified-gym-vending	vending-for-gyms	Get the gamified gym pack — Want the gamified gym vending pack (member-app integration, tier-based pricing, challenge + social-feed structure)?
pack	how-to-get-vending-machines-in-your-gym	vending-for-gyms	Get the gym vending pack — Want the gym vending installation pack (RFP template, reference-check questions, healthy framework spec, contract terms)?
pack	protein-and-supplement-vending-gyms	vending-for-gyms	Get the protein vending pack — Want the tiered protein + supplement vending framework (Tier 1-3 SKU catalog, refrigeration spec, Tier 4 compliance review, Tier 5 channel-design)?
pack	subscription-vending-gyms	vending-for-gyms	Get the subscription gym pack — Want the subscription vending gym pack (tier-platform integration + three subscription structures + abuse-prevention + monthly reconciliation)?
pack	vending-advertising-in-gyms	vending-for-gyms	Get the sponsorship framework — Want the gym vending sponsorship framework — realistic economics, portfolio packaging, sponsor outreach, attribution + reporting?
pack	automated-retail-hospital-gift-shops	vending-for-healthcare	Get the gift shop pack — Want the gift shop automated retail pack (deployment model menu, planogram framework, commission allocation template, SLA spec)?
pack	healthy-beverage-vending-hospitals	vending-for-healthcare	Get the healthy-beverage pack — Want the hospital healthy-beverage vending pack (framework comparison, planogram template, contract language, measurement framework)?
pack	hospital-vending-emergency-departments	vending-for-healthcare	Get the ED vending pack — Want the ED vending placement pack (24/7 access design, comfort planogram, clinical coordination, ED-grade SLA template)?
pack	hospital-vending-maintenance-schedules	vending-for-healthcare	Get the hospital maintenance pack — Want the hospital vending maintenance pack (cadence framework, SLA targets, Joint Commission EOC documentation, telemetry platform comparison)?
pack	hospital-vending-placement-guide	vending-for-healthcare	Get the hospital placement pack — Want the hospital vending placement pack (zone-by-zone planogram, RFP template, infection control checklist, ADA audit framework)?
pack	managing-hospital-vending-multiple-locations	vending-for-healthcare	Get the multi-location pack — Want the multi-location hospital vending pack (RFP template, contract structure, SLA framework, audit checklist)?
pack	on-demand-vending-medical-device-reps	vending-for-healthcare	Get the device-rep vending pack — Want the medical device rep vending pack (AI cooler equipment selection, premium planogram template, vendor services coordination playbook, measurement framework)?
pack	vending-for-rehab-centers	vending-for-healthcare	Get the rehab vending pack — Want the rehab center vending implementation pack (clinical coordination workflow, planogram by population, SLA framework)?
pack	vending-kiosks-hospital-patient-rooms	vending-for-healthcare	Get the patient-room pack — Want the patient-room vending pack (clinical coordination memo template, restricted planogram framework, hospital-grade equipment spec, quarterly review template)?
pack	vending-solutions-for-healthcare-staff-lounges	vending-for-healthcare	Get the healthcare staff pack — Want the healthcare staff lounge vending pack (badge access + shift-worker wellness + HACCP fresh food + dietary inclusivity + infection-control + HIPAA-adjacent)?
pack	wheelchair-accessible-vending-options	vending-for-healthcare	Get the accessibility audit pack — Want the wheelchair-accessible vending audit checklist (reach range, clear floor space, operable parts, VPAT framework)?
pack	hotel-vending-maintenance-checklist	vending-for-hotels	Get the hotel maintenance pack — Want the printable hotel vending maintenance checklist (daily housekeeping, weekly operator, monthly PM, quarterly deep service)?
pack	hotel-vending-regulatory-compliance	vending-for-hotels	Get the framework — Want the hotel vending compliance review framework (seven regimes + documentation packet + quarterly cadence)?
pack	cost-benefit-self-full-service-vending-logistics	vending-for-logistics-hubs	Get the cost-benefit pack — Want the logistics hub vending cost-benefit pack (5-year economic comparison template, hybrid model analysis, operator selection framework, integration checklist)?
pack	eco-friendly-vending-in-logistics-hubs	vending-for-logistics-hubs	Get the eco logistics pack — Want the eco-friendly logistics hub vending pack (RFP language, equipment spec, supplier verification framework, ESG metrics template)?
pack	placement-of-vending-in-logistics-hubs	vending-for-logistics-hubs	Get the logistics placement pack — Want the logistics hub placement framework (5-zone map + survey methodology + safety walk-through + equipment spec)?
pack	snack-and-drink-vending-for-logistics-workers	vending-for-logistics-hubs	Get the logistics vending pack — Want the logistics vending program framework (planogram + service model + AI cooler decision + subsidy mechanics)?
pack	sustainability-features-logistics-vending	vending-for-logistics-hubs	Get the ESG vending pack — Want the logistics hub ESG-aligned vending pack (equipment specification matrix, ESG dimension mapping, operator selection criteria, quarterly ESG reporting template)?
pack	vending-in-3pl-facilities	vending-for-logistics-hubs	Get the 3PL vending pack — Want the 3PL vending program design pack (layered stack, peak-season plan, contract SLA)?
pack	vending-remote-logistics-locations	vending-for-logistics-hubs	Get the remote logistics pack — Want the remote logistics vending pack (operator availability assessment, equipment hardening matrix, cellular telemetry verification, realistic-SLA framework, longer-c
pack	vending-supply-chain-disruptions-logistics	vending-for-logistics-hubs	Get the resilience pack — Want the logistics hub vending resilience pack (disruption risk assessment, operator selection criteria, contract terms, severe-weather playbook, quarterly review template)?
pack	water-vending-for-logistics-workers	vending-for-logistics-hubs	Get the hydration program pack — Want the logistics hub water vending pack (heat-illness program framework, placement matrix, subsidy model, operator selection)?
pack	worker-safety-vending-placement-logistics	vending-for-logistics-hubs	Get the safety placement pack — Want the logistics hub safety-integrated placement pack (placement matrix, safety review framework, PPE overlay, fire-code checklist)?
pack	case-study-vending-in-a-manufacturing-facility	vending-for-manufacturing-companies	Get the case study pack — Want the manufacturing vending case study pack (deployment workflow, operator RFP, retention-impact reporting framework)?
pack	cost-of-vending-for-manufacturing-plants	vending-for-manufacturing-companies	Get the cost pack — Want the manufacturing vending cost pack (contract structures, commission negotiation, scenario pricing, operator selection checklist)?
pack	handling-vending-issues-production-line	vending-for-manufacturing-companies	Get the issue-handling pack — Want the production-line vending issue-handling pack (telemetry SLA, self-service refund, escalation path)?
pack	how-to-set-up-vending-in-a-manufacturing-plant	vending-for-manufacturing-companies	Get the setup pack — Want the manufacturing vending setup pack (RFP criteria, site survey checklist, contract framework, transition playbook)?
pack	integrating-vending-data-factory-operations	vending-for-manufacturing-companies	Get the data integration pack — Want the manufacturing vending data integration pack (use case framework, integration patterns, operator capability profile, implementation roadmap)?
pack	seasonal-vending-manufacturing-breakrooms	vending-for-manufacturing-companies	Get the seasonal program pack — Want the seasonal manufacturing vending pack (rotation framework, overlay checklists, pre-season equipment verification, promotional calendar)?
pack	snack-and-beverage-options-for-factories	vending-for-manufacturing-companies	Get the planogram pack — Want the manufacturing planogram pack (meal-format coverage, hydration share, shift-tuned SKU velocity, healthy share alignment)?
pack	union-approval-for-employee-vending-services	vending-for-manufacturing-companies	Get the union-coordinated pack — Want the union-coordinated vending services pack (CBA provision review, RFP criteria, labor-management committee governance)?
pack	vending-cleaning-protocols-factories	vending-for-manufacturing-companies	Get the cleaning protocol pack — Want the manufacturing vending cleaning protocol pack (cadence checklist, operator + facility responsibility split, documentation templates, GMP-zone coordination guid
pack	vending-energy-cost-savings-factories	vending-for-manufacturing-companies	Get the energy savings pack — Want the manufacturing vending energy pack (refresh ROI calculator, ENERGY STAR equipment list, Scope 2 reporting templates, telemetry dashboard framework)?
pack	vending-ventilation-factories	vending-for-manufacturing-companies	Get the ventilation pack — Want the factory vending ventilation pack (outdoor-rated equipment specs, clearance + service access, HVAC engineering coordination)?
pack	vending-worker-retention-manufacturing	vending-for-manufacturing-companies	Get the retention pack — Want the manufacturing retention-vending pack (meal-format planogram, shift-specific SKU coverage, retention-impact reporting framework)?
pack	after-hours-public-building-vending	vending-for-public-buildings	Get the after-hours pack — Want the after-hours public-building vending pack (circuit checklist + cellular telemetry spec + shift-change service protocol)?
pack	community-center-vending-services	vending-for-public-buildings	Get the community center pack — Want the community center vending pack (multi-program planogram template + parks-and-rec procurement scope + weekend-event surge protocol)?
pack	outdoor-vending-for-parks-and-pools	vending-for-public-buildings	Get the outdoor pack — Want the outdoor park and pool vending pack (outdoor-rated equipment spec + winterization protocol + seasonal planogram)?
pack	transit-station-vending-services	vending-for-public-buildings	Get the transit-station pack — Want the transit-station vending framework (placement-type matrix + FTA procurement scope + planogram weighting by station type)?
pack	vending-in-courthouse-waiting-areas	vending-for-public-buildings	Get the courthouse vending pack — Want the courthouse-specific planogram template (glass-free, meal-replacement weighted) and pre-clearance checklist?
pack	vending-in-courthouses-and-dmv	vending-for-public-buildings	Get the combined pack — Want the combined courthouse and DMV vending pack (state-procurement scope + captive-audience planogram + multi-language signage template)?
pack	vending-services-for-government-buildings-and-offices	vending-for-public-buildings	Get the lifecycle pack — Want the government building and office vending lifecycle pack (contract scope + installation checklist + quarterly review template)?
pack	eco-friendly-vending-for-retail	vending-for-retail-locations	Get the eco-spec packet — Want the eco-friendly retail vending spec (ENERGY STAR + low-GWP + sustainable planogram + ESG reporting)?
pack	promotional-retail-vending-roi	vending-for-retail-locations	Get the campaign pack — Want the promotional vending campaign pack (campaign type menu, ROI calculation framework, measurement infrastructure template, operator scorecard)?
pack	retail-vending-payment-trends	vending-for-retail-locations	Get the retail payment pack — Want the retail vending payment pack (2026 method-mix benchmarks, RFP language, SDK integration checklist, PCI DSS verification template)?
pack	retail-vending-vendor-selection	vending-for-retail-locations	Get the vendor selection pack — Want the retail vending vendor selection framework (7-dimension RFP scoring + reference check + contract template)?
pack	seasonal-retail-vending-strategies	vending-for-retail-locations	Get the seasonal pack — Want the seasonal retail vending pack (quarterly pivot calendar, capacity expansion playbook, measurement framework)?
pack	best-vending-machine-types-for-schools	vending-for-schools	Get the K-12 equipment pack — Want the K-12 vending equipment selection template (combo, beverage cooler, fresh-food, AI cooler, after-school)?
pack	future-school-vending-trends	vending-for-schools	Get the future schools pack — Want the future school vending adoption roadmap (5-year sequenced trend plan + AI cooler + Smart Snacks + cashless)?
pack	minimizing-food-waste-school-vending	vending-for-schools	Get the food-waste reduction framework — Want the school vending food-waste reduction framework (telemetry + shelf-life + donation + packaging + dashboard)?
pack	parent-and-staff-approval-for-school-vending	vending-for-schools	Get the school approval packet — Want the school vending approval packet (Smart Snacks docs + parent communication + wellness committee workflow)?
pack	school-administrator-guide-to-vending	vending-for-schools	Get the administrator pack — Want the school administrator vending pack (procurement framework, compliance overlay tracker, contract structure template, category review cadence)?
pack	vending-in-private-vs-public-schools	vending-for-schools	Get the K-12 program pack — Want the private vs public K-12 vending pack (Smart Snacks scope, governance + procurement framework, operator specialization, fundraising mechanism mapping)?
pack	vending-machine-placement-student-flow	vending-for-schools	Get the student-flow placement pack — Want the student-flow placement pack (flow analysis framework, K-12 + college placement matrix, Smart Snacks checklist, operator selection)?
pack	vending-machines-for-high-schools	vending-for-schools	Get the K-12 vending pack — Want the high school vending program design template (compliance, placement, contract SLA)?
pack	vending-services-for-elementary-schools	vending-for-schools	Get the elementary vending pack — Want the elementary school vending pack (placement options, planogram by audience, Smart Snacks compliance checklist, allergen protocol framework, PTA partnership tem
pack	cost-of-vending-services-for-warehouses	vending-for-warehouses	Get the warehouse cost pack — Want the warehouse vending cost pack (contract structures, commission negotiation, scenario pricing, operator selection checklist)?
pack	customizing-vending-user-interfaces	vending-for-warehouses	Get the industrial UI pack — Want the industrial vending UI customization pack (requirements scoping, RFP language, deployment timeline)?
pack	ergonomic-vending-industrial-workflows	vending-for-warehouses	Get the ergonomic vending pack — Want the ergonomic industrial vending pack (placement framework, equipment spec, PPE-aware product mix, ANSI Z535 signage template, quarterly review framework)?
pack	healthy-vending-for-warehouse-employees	vending-for-warehouses	Get the warehouse healthy pack — Want the warehouse healthy vending pack (heat-illness planogram, protein-forward catalog, hot-meal vending playbook, safety + HR coordination)?
pack	managing-vending-inventory-high-volume	vending-for-warehouses	Get the high-volume inventory pack — Want the high-volume warehouse vending inventory pack (operator capability checklist, telemetry RFP language, planogram tiering framework, QBR template)?
pack	supplier-selection-industrial-vending	vending-for-warehouses	Get the industrial RFP pack — Want the industrial vending supplier-selection RFP framework (six-dimension scorecard, reference-check template, contract review checklist)?
pack	sustainability-industrial-vending	vending-for-warehouses	Get the industrial sustainability framework — Want the sustainable industrial vending framework (energy + refrigerant + packaging + e-waste + ESG reporting)?
pack	temperature-controlled-vending-perishables	vending-for-warehouses	Get the cold-chain pack — Want the perishable vending program design template (cold-chain SOP, equipment specification, restock cadence)?
pack	vending-machines-for-warehouse-breakrooms	vending-for-warehouses	Get the warehouse breakroom pack — Want the warehouse breakroom vending implementation pack (equipment lineup, footprint plan, SLA framework, planogram template)?
pack	common-mistakes-in-vending-franchises	vending-franchises	Get the franchise diligence packet — Want the vending franchise diligence packet (Item 19 audit template + current-franchisee call script + attorney-review checklist)?
pack	vending-payment-system-options	vending-Info-for-businesses	Get the payment spec packet — Want the vending payment system spec (EMV + contactless + mobile wallet + closed-loop + PCI)?
pack	can-small-businesses-use-vending-management-services	vending-management-companies	Get the small-business VMS pack — Want the small-business VMS evaluation pack (operator shortlist, qualification template, contract checklist)?
pack	custom-vending-solutions-from-management-companies	vending-management-companies	Get the custom vending pack — Want the custom vending RFP template (5-dimension customization spec, operator scoring matrix, contract addendum)?
pack	vending-management-hybrid-work	vending-management-companies	Get the hybrid restructure pack — Want the hybrid vending restructure pack (occupancy analysis, equipment rightsizing, commission renegotiation)?
pack	case-study-smart-vending-implementation	vending-technology	Get the smart vending pack — Want the smart vending implementation pack (RFP template, SLA framework, QBR template, hyper-care plan)?
pack	cybersecurity-smart-vending-networks	vending-technology	Get the cybersecurity RFP pack — Want the smart vending cybersecurity RFP scorecard (compliance attestations, MFA, breach SLA, audit log, pentest, disclosure program)?
pack	personalized-vending-experiences-ai	vending-technology	Get the personalization pilot pack — Want the personalized vending pilot framework (placement fit, recommendation models, privacy architecture, opt-in design, pilot measurement)?
pack	voice-enabled-vending-machines	vending-technology	Get the voice vending pilot pack — Want the voice-enabled vending pilot framework (placement fit, hardware spec, privacy architecture, NLU training, pilot measurement)?
playbook	ai-coolers-loyalty-programs	ai-vending-coolers	Get the loyalty playbook — Want the AI cooler loyalty integration playbook (SSO + accrual + tier-based pricing + behavior triggers)?
playbook	coffee-and-energy-vending-campus	ai-vending-coolers	Get the campus caffeine playbook — Want the campus caffeine planogram playbook (sub-categories, placement weighting, finals pivots)?
playbook	seasonal-vending-campus-events	ai-vending-coolers	Get the campus seasonal playbook — Want the campus seasonal vending playbook (calendar pivots, planogram shifts, route schedules)?
playbook	vending-campus-dining-impact	ai-vending-coolers	Get the alignment playbook — Want the dining-vending alignment playbook (placement, pricing, meal-plan integration)?
playbook	bean-to-cup-coffee-machines-office	blog-category	Get the coffee playbook — Want the bean-to-cup office coffee playbook — tier selection, supply quality, milk-system discipline, and operator SLA?
playbook	breakroom-coffee-and-snack-bundles	blog-category	Get the bundle playbook — Want the breakroom bundle playbook — tier design, operator selection, and per-employee economics?
playbook	breakroom-coffee-station-ideas	blog-category	Get the coffee station playbook — Want the breakroom coffee station playbook — equipment tier, accompaniments, water source, layout, cleaning discipline, and subsidy structure?
playbook	office-coffee-delivery-services	blog-category	Get the coffee program playbook — Want the office coffee delivery playbook — provider tier selection, equipment scoping, supply cadence, and service-SLA structure?
playbook	healthy-vending-compliance-for-schools	healthy-vending-service	Get the compliance playbook — Want the Smart Snacks vending compliance playbook — SKU verification workflow, grade-level planogram templates, state overlay alignment guidance?
playbook	24-7-micro-market-vending	micro-market-services	Get the 24/7 micro-market playbook — Want the 24/7 micro-market vending playbook — kiosk, refrigerated case bank, healthy-share, shrinkage, telemetry, and subsidy integration?
playbook	benefits-of-micro-markets-for-employees	micro-market-services	Get the employee-benefit playbook — Want the office micro-market employee-benefit playbook — assortment, fresh-food, healthy-share, subsidy integration, and engagement-survey measurement?
playbook	branding-office-micro-market	micro-market-services	Get the branding playbook — Want the office micro-market branding playbook — palette, signage, kiosk skin, wall graphics, accessibility, and workplace navigation integration?
playbook	healthy-options-in-micro-markets	micro-market-services	Get the healthy-options playbook — Want the micro-market healthy-options playbook — assortment, planograms, dietitian coordination, labeling, dietary coverage, and measurement?
playbook	micro-market-design-ideas-for-offices	micro-market-services	Get the micro-market design playbook — Want the office micro-market design playbook — layout, fixtures, lighting, signage, theft mitigation, and healthy-share integration?
playbook	micro-market-services-for-apartment-complexes	micro-market-services	Get the apartment micro-market playbook — Want the apartment micro-market playbook — placement, fob integration, late-night planogram, revenue-share, and amenity-ROI measurement?
playbook	how-to-stock-your-office-breakroom	office-vending-services	Get the breakroom stocking playbook — Want the office breakroom stocking playbook — SKU category framework, replenishment model selection, allergen labeling, and healthy-share design?
playbook	vending-vs-company-snacks	office-vending-services	Get the decision playbook — Want the vending-vs-pantry decision playbook — cost models, assortment comparison, workforce-experience signal, and hybrid program design?
playbook	coffee-vending-machines	specialty-vending-machines	Get the coffee vending playbook — Want the coffee vending machine selection playbook — category-by-category sizing, water filtration, maintenance cadence, and OCS-vs-DIY framework?
playbook	how-to-start-a-vending-machine-business	vending-business-startup	Get the launch playbook — Want the launch playbook with parallel track execution and anchor account development?
playbook	how-to-stock-your-first-vending-machine	vending-business-startup	Get the stocking playbook — Want the first-machine stocking playbook with planogram templates and sourcing reference?
playbook	vending-machine-repair-basics	vending-business-startup	Get the repair playbook — Want the vending repair playbook with parts inventory + preventive schedule + dispatch protocol?
playbook	can-you-get-both-snack-and-drink-machines	vending-faq	Get the configuration playbook — Want the snack-and-drink configuration playbook — combo, paired, and multi-machine bank scoping?
playbook	how-are-vending-prices-determined	vending-faq	Get the pricing playbook — Want the vending pricing playbook — cost-plus structure, placement multipliers, commission obligations, category margins, and market benchmarks?
playbook	refunds-for-vending-machine-errors	vending-faq	Get the refund ops playbook — Want the vending refund operations playbook (operator RFP language, SLA matrix, customer dispute flow, escalation paths)?
playbook	airport-vending-contracts-and-permits	vending-for-airports	Get the airport playbook — Want the airport vending permit + RFP playbook (five layers, master concessionaire framework, TSA badging timeline)?
playbook	best-places-for-airport-vending	vending-for-airports	Get the airport placement playbook — Want the airport vending placement playbook (zones, telemetry-driven sizing, concession coordination)?
playbook	inflight-vending-kiosks	vending-for-airports	Get the airport vending playbook — Want the airport vending playbook covering gate-area, lounge, and emergency capability?
playbook	managing-airport-vending-logistics	vending-for-airports	Get the airport ops playbook — Want the airport vending operations playbook (telemetry dispatch model, SIDA badge program template, zone staging design)?
playbook	seasonal-airport-vending-trends	vending-for-airports	Get the airport seasonal playbook — Want the airport vending seasonal playbook (calendar pivots, planogram shifts, surge crew planning)?
playbook	vending-at-train-and-bus-stations	vending-for-airports	Get the transit station playbook — Want the transit station vending playbook (outdoor spec, transit-card integration, quick-grab planogram)?
playbook	seasonal-vending-apartment-products	vending-for-apartments	Get the seasonal vending playbook — Want the apartment seasonal vending playbook (four-season planogram, equipment specs, resident-survey template)?
playbook	snack-vending-for-construction-workers	vending-for-construction-sites	Get the construction snack playbook — Want the construction snack vending playbook (high-calorie planogram, shift-transition restocking, outdoor-rated)?
playbook	after-hours-vending-in-dealerships	vending-for-dealerships	Get the after-hours framework — Want the after-hours dealership vending playbook (staff planogram, telemetry SLA, power resilience)?
playbook	beverage-vending-in-dealership-waiting-areas	vending-for-dealerships	Get the dealership vending playbook — Want the dealership service waiting area vending playbook (premium vs standard, CSI integration)?
playbook	branded-vending-for-dealerships	vending-for-dealerships	Get the branded vending playbook — Want the dealership branded vending playbook (four tiers + manufacturer alignment + co-marketed partnerships)?
playbook	customer-experience-vending-in-dealerships	vending-for-dealerships	Get the customer experience playbook — Want the dealership customer experience vending playbook (CSI integration, manufacturer standards, hospitality framing)?
playbook	customer-lounge-vending-for-dealerships	vending-for-dealerships	Get the lounge vending playbook — Want the customer lounge vending playbook (tier-by-tier program design + manufacturer alignment + CSI integration)?
playbook	data-analytics-venue-vending	vending-for-entertainment-venues	Get the venue analytics framework — Want the venue vending analytics framework (telemetry stack RFP, BI integration playbook, category review cadence)?
playbook	interactive-vending-fan-engagement	vending-for-entertainment-venues	Get the interactive vending framework — Want the interactive venue vending framework (technology category combinations, sponsor activation playbook, mobile app integration spec, operator RFP template)
playbook	vending-machine-uptime-venues	vending-for-entertainment-venues	Get the venue uptime playbook — Want the entertainment venue vending uptime playbook — telemetry, modern OEM, quarterly preventive, and event-day operations?
playbook	vending-security-measures-anti-vandalism	vending-for-entertainment-venues	Get the venue security playbook — Want the entertainment venue vending security playbook — chassis hardening, payment, telemetry, CCTV, personnel, and incident response?
playbook	branded-vending-machines-for-gyms	vending-for-gyms	Get the branded vending playbook — Want the branded gym vending playbook — wrap design, sponsor coordination, and member-experience validation?
playbook	gym-member-feedback-vending	vending-for-gyms	Get the feedback playbook — Want the gym member feedback program playbook — five channels, quarterly review, and 30-day SKU response?
playbook	smoothie-vending-machines-for-gyms	vending-for-gyms	Get the smoothie playbook — Want the smoothie vending decision playbook — equipment vs staffed bar vs RTD comparison?
playbook	vending-for-yoga-studios	vending-for-gyms	Get the studio playbook — Want the yoga-studio vending playbook — quiet equipment, wellness planogram, and retail-counter coordination?
playbook	24-7-vending-solutions-for-hospitals	vending-for-healthcare	Get the hospital 24/7 vending playbook — Want the hospital 24/7 vending playbook — telemetry, restock cadence, service SLA, refund procedure, shift-aware planogram, Joint Commission food safety, and H
playbook	hospital-vending-revenue	vending-for-healthcare	Get the hospital vending revenue playbook — Want the hospital vending revenue playbook — commission structure, revenue drivers, telemetry reporting, and commission distribution to designated fund?
playbook	micro-markets-vs-vending-in-hospitals	vending-for-healthcare	Get the hospital coordination playbook — Want the hospital micro-market and vending coordination playbook — placement criteria, dietitian planogram, Joint Commission food-safety, telemetry SLA?
playbook	vending-for-nursing-homes	vending-for-healthcare	Get the nursing home playbook — Want the nursing home vending playbook (three populations + accessibility + dietary + HIPAA + state regulation)?
playbook	vending-in-childrens-hospitals	vending-for-healthcare	Get the pediatric hospital playbook — Want the children's hospital vending playbook (pediatric nutrition + allergy-aware + sensory-friendly + Joint Commission alignment)?
playbook	24-7-vending-services-for-hotel-guests	vending-for-hotels	Get the 24/7 amenity playbook — Want the 24/7 hotel vending and amenity playbook (placement portfolio, RFP framework, SLA matrix, planogram by placement type, guest communication kit)?
playbook	seasonal-vending-hotel-offerings	vending-for-hotels	Get the seasonal rotation playbook — Want the hotel seasonal vending rotation playbook (seasonal calendar, property-type patterns, LTO framework, communication kit, quarterly review template)?
playbook	vending-hotel-loyalty-programs	vending-for-hotels	Get the loyalty playbook — Want the hotel vending loyalty integration playbook (brand SSO matrix + accrual scope + tier benefit framework + folio wiring checklist)?
playbook	case-study-logistics-hub-vending	vending-for-logistics-hubs	Get the logistics-hub playbook — Want the logistics hub vending refresh playbook (RFP framework, planogram template, SLA matrix, ESG checklist, worker-communication kit)?
playbook	case-study-micro-markets-logistics	vending-for-logistics-hubs	Get the micro-market playbook — Want the logistics hub micro-market playbook (space design, planogram template, shrink management framework, SLA matrix, worker-communication kit)?
playbook	future-vending-trends-logistics	vending-for-logistics-hubs	Get the future-readiness playbook — Want the logistics vending future-readiness playbook (capability audit, RFP language for modern requirements, AI cooler deployment framework, workforce-platform int
playbook	large-scale-logistics-vending	vending-for-logistics-hubs	Get the playbook — Want the large-scale logistics vending operations playbook (master agreement, account team model, fleet management cadence)?
playbook	vending-services-for-logistics-hubs	vending-for-logistics-hubs	Get the logistics hub playbook — Want the logistics hub vending playbook (workforce mix, equipment specs, energy drink safety overlay, micro-market vs vending decision)?
playbook	vending-warehouse-worker-retention	vending-for-logistics-hubs	Get the retention playbook — Want the warehouse amenity-for-retention playbook (workforce baseline framework, program design template, retention ROI model, operator RFP language, measurement cadence)?
playbook	breakroom-vending-upgrades-for-production-floors	vending-for-manufacturing-companies	Get the breakroom upgrade playbook — Want the production-floor breakroom upgrade playbook — sequencing pathway, capital budget framework, and implementation timeline?
playbook	custom-vending-programs-for-manufacturing	vending-for-manufacturing-companies	Get the custom program playbook — Want the custom manufacturing vending program playbook — nine-dimension design framework, facility-profile-driven specifications, and ROI structure?
playbook	energy-efficient-vending-manufacturing	vending-for-manufacturing-companies	Get the energy-efficient vending playbook — Want the manufacturing energy-efficient vending playbook — ENERGY STAR specification, R-290 refrigerant, LED retrofit, sleep-mode programming, and scope 2 r
playbook	healthy-vending-for-factory-workers	vending-for-manufacturing-companies	Get the factory healthy vending playbook — Want the factory-floor healthy vending planogram playbook — protein-forward SKU mix, portable meals, subsidy structure, and EHS coordination?
playbook	preventative-maintenance-manufacturing-vending	vending-for-manufacturing-companies	Get the manufacturing PM playbook — Want the manufacturing vending PM playbook — weekly inspection, monthly preventive, quarterly comprehensive, annual major service, telemetry-driven proactive PM, an
playbook	psychology-breakroom-design-factories	vending-for-manufacturing-companies	Get the breakroom psychology playbook — Want the factory breakroom psychology design playbook — acoustic, lighting, visual, ergonomic, thermal, refreshment, and social space integration?
playbook	robotics-automation-factory-vending	vending-for-manufacturing-companies	Get the robotics deployment playbook — Want the factory vending robotics + automation playbook — phased deployment roadmap, capital framework, and ROI structure?
playbook	shift-friendly-vending-options	vending-for-manufacturing-companies	Get the shift-friendly vending playbook — Want the shift-friendly vending operational framework — restock cadence, service SLA, planogram tuning, and EHS coordination by shift configuration?
playbook	vending-machine-breakroom-solutions	vending-for-manufacturing-companies	Get the breakroom solution playbook — Want the manufacturing breakroom vending solution playbook — equipment ensemble, site survey, layout, and operational support structure?
playbook	vending-machines-for-industrial-facilities	vending-for-manufacturing-companies	Get the industrial playbook — Want the industrial facility vending equipment and operations playbook?
playbook	vending-solutions-remote-manufacturing	vending-for-manufacturing-companies	Get the remote manufacturing vending playbook — Want the remote manufacturing vending playbook — equipment specification, telemetry redundancy, restock cadence, service SLA, on-site spare parts, and c
playbook	vending-specialized-manufacturing-zones	vending-for-manufacturing-companies	Get the specialized-zone playbook — Want the specialized-zone vending playbook — cleanroom, hazmat, foundry, food-processing, and pharma placement design and operational discipline?
playbook	green-vending-in-public-sector	vending-for-public-buildings	Get the public-sector playbook — Want the public-sector green vending playbook (eight dimensions, FAR Part 23 / EO 14057 framework, small-business credentialing, annual reporting template)?
playbook	vending-in-department-stores	vending-for-retail-locations	Get the department store playbook — Want the department store vending playbook (brand standards + adjacency strategy + planogram fit + AI cooler option)?
playbook	vending-retail-loyalty-programs	vending-for-retail-locations	Get the loyalty playbook — Want the retail vending loyalty integration playbook (eight patterns, API requirements, data-sharing agreement template)?
playbook	managing-vending-in-school-campuses	vending-for-schools	Get the district playbook — Want the multi-campus district vending management playbook (master agreement, per-campus addenda, scorecard, audit calendar)?
playbook	micro-markets-in-education-facilities	vending-for-schools	Get the education framework — Want the education micro-market framework (K-12 Smart Snacks compliance overlay, higher-ed meal-plan integration playbook, RFP template)?
playbook	payment-system-options-school-vending	vending-for-schools	Get the school payment playbook — Want the school vending payment playbook — K-12 prepaid integration, higher-ed campus badge, compliance framework, and DPA structure?
playbook	school-fundraising-through-vending	vending-for-schools	Get the school fundraising playbook — Want the school vending fundraising playbook (Smart Snacks checklist, RFP framework, sponsor agreement template, planogram by placement type, quarterly review tem
playbook	seasonal-event-based-vending-schools	vending-for-schools	Get the school vending playbook — Want the seasonal school vending playbook (seven planning cycles + academic calendar coordination + event-day surge protocols)?
playbook	24-7-vending-solutions-for-shift-workers	vending-for-warehouses	Get the 24/7 vending playbook — Want the 24/7 shift-work vending operational playbook — restock cadence, service SLA, shift-aware planogram, and refund procedure?
playbook	branding-customization-industrial-vending	vending-for-warehouses	Get the branding playbook — Want the industrial vending branding playbook (channel selection + wrap spec + approval workflow + multi-warehouse asset library)?
playbook	noise-reduction-vending-quiet-zones	vending-for-warehouses	Get the quiet-zone playbook — Want the warehouse quiet-zone vending playbook (placement + low-noise spec + acoustic infrastructure)?
playbook	psychology-snack-choices-industrial	vending-for-warehouses	Get the industrial vending playbook — Want the industrial vending planogram playbook (high-calorie, familiar-brand, shift-aligned)?
playbook	exit-strategies-for-vending-franchise-owners	vending-franchises	Get the franchise exit playbook — Want the vending franchise exit playbook (preparation timeline, valuation, broker engagement)?
playbook	seasonal-vending-machine-products	vending-Info-for-businesses	Get the seasonal playbook — Want the seasonal vending rotation playbook (4 rotations + holiday overlays + telemetry-driven iteration)?
playbook	high-traffic-vs-low-traffic-location-strategy	vending-machine-locators	Get the traffic-tier playbook — Want the high-traffic vs low-traffic playbook (equipment + telemetry + service + commission + portfolio discipline)?
playbook	how-to-find-vending-machine-locations	vending-machine-locators	Get the acquisition playbook — Want the vending location acquisition playbook (6 channels + location criteria + survey checklist + scam avoidance)?
checklist	how-to-buy-your-first-vending-machine		Download the checklist — Want the full 28-point inspection checklist as a PDF you can take to the seller?
checklist	accessible-campus-vending-features	ai-vending-coolers	Download the ADA audit checklist — Want the 28-point ADA campus vending audit checklist as a PDF you can hand to your operator?
checklist	best-micro-market-vendors-near-me	micro-market-services	Get the operator evaluation framework — Want the micro-market operator evaluation framework (geography + capability + 6 criteria + reference checklist)?
checklist	legal-aspects-operating-micro-markets	micro-market-services	Get the legal framework — Want the micro-market legal framework checklist (8 regulatory frameworks + MSA scope + audit cadence + state-specific addendum)?
checklist	micro-market-installation-checklist	micro-market-services	Get the install checklist — Want the 12-phase micro-market install checklist (site survey + electrical + data + cold-chain + PCI-DSS + HR badge + soft launch)?
checklist	micro-market-kiosk-installation-guide	micro-market-services	Get the install checklist — Want the full 10-phase micro-market installation checklist with photo / sign-off templates?
checklist	micro-market-solutions-for-schools	micro-market-services	Get the K-12 framework — Want the K-12 micro-market evaluation framework (Smart Snacks compliance checklist, capability matrix, RFP template, audit support requirements)?
checklist	combo-vending-machines-for-office-breakrooms	office-vending-services	Get the framework — Want the office combo vs pair vs AI cooler framework (employee-count threshold, operator capability checklist, RFP template)?
checklist	employee-vending-feedback	office-vending-services	Get the feedback framework — Want the employee vending feedback framework (five-mechanism infrastructure checklist, operator MSA capability matrix, QBR agenda template)?
checklist	micro-market-vs-specialty-vending	specialty-vending-machines	Get the format-selection framework — Want the format-selection framework (placement criteria, infrastructure checklist, revenue projection, operator capability profile)?
checklist	do-you-need-a-license-for-vending	vending-business-startup	Get the licensing framework — Want the licensing framework with state-by-state checklist and renewal timeline?
checklist	how-to-grow-your-vending-business	vending-business-startup	Get the growth framework — Want the vending business growth framework (six-dimension shift checklist, structured-account RFP capability matrix, eight-phase growth playbook)?
checklist	pros-and-cons-of-owning-a-vending-machine	vending-business-startup	Get the ownership framework — Want the ownership decision framework with capability + capital + account discipline checklist?
checklist	vending-business-checklist	vending-business-startup	Get the checklist — Want the full pre-launch checklist with state-by-state filings and proposal templates?
checklist	where-to-buy-vending-machines	vending-business-startup	Get the buying framework — Want the vending equipment buying channel framework (OEM vs dealer vs refurbisher vs auction + warranty checklist + condition assessment)?
checklist	common-clauses-in-vending-contracts	vending-contracts	Get the clause checklist — Want the vending contract clause checklist (term, exclusivity, commission, termination, insurance)?
checklist	early-termination-of-vending-contracts	vending-contracts	Get the termination framework — Want the vending contract termination framework (trigger checklist, cure period scoping, exit fee benchmarks, transition timeline template)?
checklist	how-to-negotiate-a-vending-contract	vending-contracts	Get the negotiation framework — Want the vending contract negotiation framework (seven-lever checklist, RFP capability matrix, MSA amendment template)?
checklist	liability-and-insurance-in-vending-contracts	vending-contracts	Get the contract review framework — Want the vending contract liability + insurance review framework (eight-component checklist, coverage benchmarks, risk-category allocation patterns, clause template
checklist	questions-to-ask-before-signing-vending-contract	vending-contracts	Get the contract review checklist — Want the full 30+ question contract review framework as a printable checklist?
checklist	understanding-vending-service-contracts	vending-contracts	Get the contract framework — Want the 12-dimension vending contract framework + attorney review checklist?
checklist	are-there-hidden-fees-in-vending-services	vending-faq	Get the contract fee checklist — Want the vending contract fee review checklist (commission, relocation, termination, processing)?
checklist	can-vending-machines-be-placed-outdoors	vending-faq	Get the outdoor placement checklist — Want the outdoor vending placement checklist (equipment + power + overhead + climate + anchoring + cellular)?
checklist	can-vending-machines-run-24-7	vending-faq	Get the 24/7 ops checklist — Want the 24/7 vending operations checklist (telemetry spec, on-call SLA template, shift-aware planogram guidance)?
checklist	do-vending-machines-require-special-outlets	vending-faq	Get the install checklist — Want the vending machine electrical install checklist (voltage, circuit, GFCI, plumbing)?
checklist	how-much-space-does-a-vending-machine-need	vending-faq	Get the install survey checklist — Want the vending space + clearance install survey checklist (footprint + clearance + ceiling + doorway + load + ADA)?
checklist	how-much-weight-does-a-vending-machine-hold	vending-faq	Get the install survey checklist — Want the vending machine install survey checklist (weight, floor load, clearance, electrical)?
checklist	how-to-place-vending-machine-in-airport	vending-for-airports	Get the airport framework — Want the airport vending placement framework (concession model determination, TSA security checklist, operator capability matrix, master sub-agreement template)?
checklist	toiletry-and-ppe-vending-for-travelers	vending-for-airports	Get the specialty framework — Want the traveler specialty vending framework (nine-category SKU mix, FDA labeling checklist, multi-currency and multi-language spec, operator capability matrix)?
checklist	vending-machine-size-apartment-layout	vending-for-apartments	Get the survey checklist — Want the apartment vending pre-installation survey checklist (dimensions, delivery path, floor loading, power, ADA)?
checklist	vending-machine-accessibility-guests	vending-for-entertainment-venues	Get the accessibility framework — Want the venue accessibility audit framework (annual walk checklist, post-event encroachment walk, sensory-friendly protocol, operator RFP language)?
checklist	tax-benefits-gym-vending	vending-for-gyms	Get the framework — Want the gym vending tax framework (four buckets + realistic posture + advisor review checklist)?
checklist	vending-machine-placement-in-gyms	vending-for-gyms	Get the placement checklist — Want the gym vending zone-mapping checklist for your facility?
checklist	accessibility-hotel-vending-machines	vending-for-hotels	Get the accessibility framework — Want the hotel accessibility framework (7-dimension audit checklist + state-specific enhancements + operator contract clauses)?
checklist	hotel-vending-accessibility-ada	vending-for-hotels	Get the ADA checklist — Want the ADA hotel vending placement checklist (reach range + clear floor space + signage + audible / visual feedback)?
checklist	how-to-install-vending-machines-in-hotels	vending-for-hotels	Get the hotel install checklist — Want the hotel vending install checklist (placement zones + brand-finish + PMS integration + per-alcove electrical + scheduling)?
checklist	legal-compliance-vending-logistics	vending-for-logistics-hubs	Get the compliance framework — Want the logistics vending compliance framework (7-layer stack + contract clauses + audit walk checklist + multi-tenant attribution)?
checklist	accessibility-in-public-vending	vending-for-public-buildings	Get the accessibility checklist — Want the public-building vending accessibility checklist — ADA dimensions, VPAT verification, and annual audit?
checklist	advanced-payment-systems-government-vending	vending-for-public-buildings	Get the payment configuration checklist — Want the government vending payment configuration checklist (CAC, PIV, PCI, FIPS)?
checklist	cost-of-vending-services-for-schools	vending-for-schools	Get the school cost framework — Want the school vending economic model (commission tiers, revenue projection, transparency checklist, RFP framework)?
checklist	healthy-snack-policy-for-schools	vending-for-schools	Get the policy framework — Want the K-12 healthy snack policy drafting framework (ten-element checklist, operator MSA capability matrix, SFA Administrative Review prep)?
checklist	school-compliant-vending-options	vending-for-schools	Get the school compliance checklist — Want the school vending compliance checklist (Smart Snacks, state overlays, audit documentation)?
checklist	vending-machine-accessibility-students	vending-for-schools	Get the accessibility checklist — Want the student vending accessibility checklist (ADA + audio + nutrition + placement + 504 alignment)?
checklist	vending-machine-security-vandalism	vending-for-schools	Get the school security checklist — Want the school vending security checklist (hardening + placement + programming + telemetry SLA)?
checklist	how-to-install-vending-in-your-warehouse	vending-for-warehouses	Get the warehouse install checklist — Want the warehouse vending install checklist (site survey + electrical scope + cellular + 3-shift planogram)?
checklist	do-vending-machines-need-wifi-or-power	vending-Info-for-businesses	Get the install survey checklist — Want the vending machine install survey checklist (power, GFCI, cellular, water, drainage)?
checklist	vending-machine-size-and-space-requirements	vending-Info-for-businesses	Get the space requirement checklist — Want the vending size + space requirement checklist (dimensions + maneuvering + doorway + floor load)?
checklist	common-location-deal-breakers	vending-machine-locators	Get the deal-breaker checklist — Want the deal-breaker checklist (12 walk-away signals + restructuring patterns)?
checklist	free-vending-location-leads-vs-paid-leads	vending-machine-locators	Get the lead channel framework — Want the lead channel framework (free vs paid CRM funnel design + FTC disclosure checklist + retention tracking)?
checklist	interactive-vending-screens	vending-technology	Get the touchscreen framework — Want the interactive vending screen framework (capability checklist + MDM + ADA + nutrition disclosure)?
checklist	telemetry-in-vending-machines	vending-technology	Get the telemetry checklist — Want the telemetry verification checklist (operator coverage + signal + dashboard + PCI-DSS)?
checklist	vending-machine-inventory-tracking	vending-technology	Get the inventory tracking checklist — Want the inventory tracking verification checklist (telemetry coverage + dashboard access + SLA + audit rights)?
template	emergency-campus-vending-planning	ai-vending-coolers	Get the emergency vending template — Want a fillable emergency vending plan template (EOP appendix + operator SOW + no-go matrix)?
template	coffee-maker-cleaning-sanitation	blog-category	Get the cleaning protocol template — Want the coffee equipment cleaning protocol template (cadence, supplies, staff training, operator scope)?
template	fair-trade-coffee-workplace	blog-category	Get the Fair Trade template — Want the Fair Trade workplace coffee template (certification framework, operator verification, ESG reporting integration)?
template	how-to-stock-an-office-coffee-station	blog-category	Get the stocking framework — Want the office coffee station stocking framework (par-stock template, supplier shortlist, multi-roast planogram, accessory inventory list)?
template	interactive-coffee-brewing-office	blog-category	Get the interactive brewing template — Want the interactive coffee brewing template (mechanism selection, operator capability checks, labor planning)?
template	pod-free-office-coffee-solutions	blog-category	Get the pod-free spec template — Want the pod-free office coffee specification template (volume threshold, equipment selection, operator capability checks)?
template	remote-employee-coffee-stipend	blog-category	Get the remote stipend template — Want the remote coffee stipend program template (model selection, tax framework, expense platform setup)?
template	seasonal-coffee-blends-office	blog-category	Get the rotation template — Want the seasonal coffee rotation template (calendar, operator capability checks, communications scope)?
template	water-filtration-office-coffee	blog-category	Get the filtration template — Want the office coffee water filtration template (technology selection, sizing, operator scope, cartridge schedule)?
template	healthy-vending-machine-programs-for-gyms	healthy-vending-service	Get the gym vending framework — Want the healthy gym vending program framework — defined criteria, planogram template, recovery SKU list, and monthly reporting?
template	breakroom-vending-machine-ideas	office-vending-services	Get the breakroom framework — Want the breakroom vending concept framework — six concept matchings, design ideas, capital model, and planogram template?
template	sample-vending-contract-template	vending-contracts	Get the template framework — Want the vending contract template framework (12 core clauses + provisions by placement type + attorney review thresholds)?
template	can-vending-machines-offer-healthy-options	vending-faq	Get the healthy program framework — Want the healthy vending program framework — defined criteria, planogram template, refrigeration spec, allergen tagging, and monthly reporting cadence?
template	what-are-combo-vending-machines	vending-faq	Get the traffic study template — Want the 2-week vending traffic study template (Google Sheet) the operator should run before recommending equipment?
template	vending-community-engagement-apartments	vending-for-apartments	Get the engagement framework — Want the apartment vending community engagement framework (seven patterns + quarterly workflow + reporting templates)?
template	custom-vending-theme-parks	vending-for-entertainment-venues	Get the theme park framework — Want the custom theme park vending framework (themed equipment specification template, weather-hardened hardware matrix, park-app integration spec, surge calendar templa
template	eco-friendly-vending-for-entertainment	vending-for-entertainment-venues	Get the eco-vending framework — Want the venue eco-vending framework (six-dimension spec, certified-SKU curation, ESG data feed integration, operator MSA template)?
template	emergency-vending-preparedness	vending-for-entertainment-venues	Get the preparedness framework — Want the emergency-vending preparedness framework (CVP template, surge inventory matrix, shelter-zone map, table-top exercise guide)?
template	vending-in-gaming-arcades	vending-for-entertainment-venues	Get the arcade vending framework — Want the arcade and FEC vending framework (day-part planogram template, arcade-card integration spec, redemption co-placement map, surge calendar)?
template	vending-maintenance-event-season	vending-for-entertainment-venues	Get the maintenance framework — Want the event-season vending maintenance framework (cadence template, dark-window calendar, surge kit list, validator service schedule)?
template	benefits-of-vending-in-gyms	vending-for-gyms	Get the gym vending framework — Want the gym vending benefit framework — equipment specs, planogram template, commission model, and reporting cadence?
template	gym-staff-vending-oversight	vending-for-gyms	Get the oversight template — Want the gym staff vending oversight template (protocol, cadence, operator escalation contacts)?
template	vending-at-boutique-fitness-studios	vending-for-gyms	Get the boutique fitness framework — Want the boutique fitness vending framework (premium SKU template, brand-aesthetic specification, studio-app integration matrix, monthly reporting template)?
template	hospital-vending-revenue-use	vending-for-healthcare	Get the revenue framework — Want the hospital vending revenue framework (allocation model menu, board policy template, monthly reporting cadence, community benefit alignment)?
template	vending-hospital-volunteer-lounges	vending-for-healthcare	Get the volunteer-lounge framework — Want the volunteer-lounge vending framework (equipment pairing, subsidy mechanism options, planogram by cohort, quarterly review template)?
template	hotel-vending-contracts-guide	vending-for-hotels	Get the hotel contract template — Want the hotel vending contract template (eight dimensions, SLA clauses, equipment ownership comparison)?
template	vending-machine-placement-strategies-for-hotels	vending-for-hotels	Get the hotel placement template — Want the hotel vending placement planning template (zone matrix + traffic study + brand-tier playbook)?
template	vending-services-for-manufacturing-plants	vending-for-manufacturing-companies	Get the service contract template — Want the manufacturing plant vending service contract template (SLA, restock cadence, planogram tuning, preventive maintenance)?
template	vending-in-big-box-stores	vending-for-retail-locations	Get the RFP response template — Want the big-box vending RFP response template (telemetry, sustainability, SLA, pricing) operators use to score top of stack?
template	vending-solutions-for-school-districts	vending-for-schools	Get the district RFP framework — Want the multi-school district vending RFP framework (operator capability profile, evaluation criteria, contract template)?
template	vending-location-agreements-and-contracts	vending-machine-locators	Get the agreement framework — Want the vending location agreement framework (12 core clauses + attorney guidance + modern operator templates)?
template	vending-management-service-level-agreements-explained	vending-management-companies	Get the SLA template — Want the vending SLA template (7 dimensions + financial remedy + termination workflow)?
rfp template	green-vending-initiatives-campus	ai-vending-coolers	Get the green-vending RFP template — Want the campus green-vending RFP template (sustainability spec + STARS reporting + bonus structures)?
rfp template	university-vending-procurement-guide	ai-vending-coolers	Get the procurement framework — Want the university vending procurement framework (RFP template + evaluation rubric + contract terms)?
rfp template	touchless-coffee-machines-for-offices	blog-category	Get the touchless coffee framework — Want the touchless office coffee framework (technology comparison, equipment spec, OCS operator RFP template, cleaning protocol)?
rfp template	micro-markets-in-warehouses	micro-market-services	Get the warehouse framework — Want the warehouse micro-market framework (industrial equipment spec, three-shift planogram, OSHA placement plan, RFP template)?
rfp template	touchless-office-vending-machines	office-vending-services	Get the touchless RFP template — Want the touchless office vending RFP template (operator capability checks, mobile-app + contactless requirements, SLA scope)?
rfp template	what-to-look-for-in-a-vending-company	vending-faq	Get the operator RFP template — Want the vending operator RFP template (telemetry + SLA + reporting + reference-check script)?
rfp template	vending-airport-emergency-preparedness	vending-for-airports	Get the airport emergency RFP template — Want the airport emergency vending RFP template (power, telemetry, free-vend, planogram)?
rfp template	vending-contracts-for-property-managers	vending-for-apartments	Get the contract framework — Want the apartment vending contract framework (eight sections + negotiation workflow + RFP template + legal review checklist)?
rfp template	vending-services-for-construction-sites	vending-for-construction-sites	Get the construction-site RFP template — Want the construction-site vending RFP template (outdoor spec, hydration planogram, relocation service)?
rfp template	amusement-park-vending-machines	vending-for-entertainment-venues	Get the park vending framework — Want the amusement park vending framework (zone-by-zone SKU planograms, weather-sealing spec, hurricane protocol, operator RFP template)?
rfp template	custom-branding-venue-vending	vending-for-entertainment-venues	Get the branding framework — Want the venue branded vending framework (six-category execution methods, design approval cadence, refresh cycle planning, operator RFP template)?
rfp template	luxury-vending-in-entertainment-venues	vending-for-entertainment-venues	Get the luxury venue framework — Want the luxury entertainment venue framework (RFP template, operator capability matrix, SKU catalog, insurance requirements)?
rfp template	merchandising-strategies-venue-vending	vending-for-entertainment-venues	Get the merchandising framework — Want the venue vending merchandising framework (eight-strategy specification, planogram by zone, anchor pricing structure, operator RFP template)?
rfp template	pop-up-vending-special-events	vending-for-entertainment-venues	Get the pop-up vending framework — Want the pop-up vending framework (RFP template, deployment timeline, permit checklist, sponsor-integration playbook)?
rfp template	psychology-vending-purchases-events	vending-for-entertainment-venues	Get the event-psychology framework — Want the event-audience vending psychology framework (seven-driver framework, zone-specific design, pricing structure, operator RFP template)?
rfp template	sound-light-vending-experiences	vending-for-entertainment-venues	Get the sound and light framework — Want the venue vending sound and light experience framework (six-category design, sensory accommodation protocol, OSHA compliance, operator RFP template)?
rfp template	stadium-and-arena-vending-services	vending-for-entertainment-venues	Get the stadium and arena framework — Want the stadium and arena vending services framework (RFP template, format-mix planning, operator capability matrix, CVP template, sponsor activation guide)?
rfp template	vending-vip-suites-premium	vending-for-entertainment-venues	Get the VIP suite framework — Want the VIP suite vending framework (RFP template, suite-billing integration playbook, premium SKU catalog, capability matrix)?
rfp template	vending-for-different-gym-types	vending-for-gyms	Get the gym vending RFP template — Want the gym vending RFP template with format-specific planogram, equipment, and SLA requirements?
rfp template	secure-vending-design-public	vending-for-public-buildings	Get the security RFP template — Want the public-building vending security RFP template (layer-by-layer spec, operator credentialing checklist, incident-response SLA)?
rfp template	specialty-vending-public-facilities	vending-for-public-buildings	Get the specialty RFP template — Want the specialty public-facility vending RFP template (eight categories, compliance overlays, multi-category RFP framework)?
rfp template	vending-public-park-events	vending-for-public-buildings	Get the parks RFP template — Want the parks-system vending RFP template (permanent + event provisions, with outdoor-rated equipment specs)?
guide	addressing-student-food-insecurity-vending	ai-vending-coolers	Get the food-security vending guide — Want the campus food-security vending implementation guide (eligibility models, planogram, FERPA checklist)?
guide	gamification-campus-vending-rewards	ai-vending-coolers	Get the gamification design guide — Want the campus vending gamification program design guide (integration, benefit design, measurement)?
guide	renewable-energy-campus-vending	ai-vending-coolers	Get the renewable-vending guide — Want the campus renewable-vending strategy guide (efficiency, matching, solar pilot)?
guide	specialty-vending-campus-needs	ai-vending-coolers	Get the specialty placement guide — Want the campus specialty vending placement guide (categories, costs, vendor selection)?
guide	can-vending-machines-provide-receipts	vending-faq	Get the receipt implementation guide — Want the vending receipt implementation guide (email, SMS, app, expense integration)?
guide	do-businesses-earn-commission-from-vending	vending-faq	Get the commission guide — Want the vending commission benchmarking guide (rate + basis + cadence + statement format)?
guide	how-do-vending-machine-refunds-work	vending-faq	Get the refund workflow guide — Want the operator-side refund workflow guide (telemetry triggers, SLA examples, host-site reporting)?
guide	best-vending-machines-for-industrial-facilities	vending-for-warehouses	Get the industrial equipment guide — Want the industrial vending equipment selection framework — heavy-duty specifications, site survey checklist, and service contract structure?
toolkit	breakroom-refreshment-solutions	office-vending-services	Get the breakroom toolkit — Want the layered breakroom refreshment program toolkit (employee survey template, RFP framework, planogram design, ESG checklist, quarterly review template)?
toolkit	managing-vending-contracts-agencies	vending-for-public-buildings	Get the agency toolkit — Want the agency contract-management toolkit (quarterly agenda, commission reconciliation template, healthy-vending audit checklist)?
toolkit	vending-government-employee-wellness	vending-for-public-buildings	Get the wellness vending toolkit — Want the federal wellness vending implementation toolkit (planogram template, subsidy structure, outcome measurement framework)?
toolkit	customer-satisfaction-vending-management	vending-management-companies	Get the satisfaction toolkit — Want the customer satisfaction measurement toolkit (NPS survey, SLA tracker, end-user feedback templates)?
toolkit	vending-management-post-implementation	vending-management-companies	Get the governance toolkit — Want the post-implementation governance toolkit (QBR template, SLA tracker, annual review checklist)?
worksheet	high-capacity-coffee-makers-for-large-offices	blog-category	Get the large-office coffee framework — Want the high-capacity office coffee framework (cup-volume sizing worksheet, multi-machine specification template, service contract matrix, OCS RFP template)?
worksheet	gym-vending-profit	vending-for-gyms	Get the economics worksheet — Want the gym vending economics worksheet — revenue scenarios, commission tiers, and self-vs-operator comparison?
worksheet	gym-vending-roi-calculator	vending-for-gyms	Get the ROI worksheet — Want the gym vending ROI worksheet (format benchmarks, commission tier negotiation, ancillary value calculation)?
worksheet	stocking-gym-vending-machines	vending-for-gyms	Get the planogram worksheet — Want the gym vending planogram worksheet — category share, top SKUs, and rotation cadence?
pdf	what-are-the-dimensions-of-a-vending-machine		Get the site-survey PDF — Want a free site-survey checklist (PDF) you can hand to your facilities team before the install?
pdf	how-are-vending-machines-installed	vending-faq	Get the site survey PDF — Want the 28-point pre-install site survey checklist (PDF) you can hand to facilities before the operator arrives?
matrix	ai-vending-data-analytics-product-trends	ai-vending-coolers	Get the analytics framework — Want the AI vending data analytics framework (capability matrix + analytics platform + planogram + customer cohort)?
matrix	best-ai-vending-companies-2025	ai-vending-coolers	Get the AI vending selection framework — Want the AI vending company selection framework (category matrix + capability rubric + reference checks)?
matrix	how-to-choose-office-coffee-service	blog-category	Get the OCS framework — Want the office coffee service framework (RFP + capability matrix + service model + bean tier + maintenance SLA)?
matrix	office-coffee-vendors-near-me	blog-category	Get the vendor selection framework — Want the office coffee vendor selection framework (category matrix + capability rubric + service radius + SLA)?
matrix	vending-machine-financing-options	vending-business-startup	Get the financing framework — Want the vending financing decision framework (cash vs equipment financing vs SBA vs lease + credit-tier APR matrix + total cost of capital calculator)?
matrix	vending-services-for-apartment-buildings	vending-for-apartments	Get the apartment vending framework — Want the apartment building vending placement framework (program tier + zone matrix + operator capability)?
matrix	benefits-of-vending-in-entertainment-venues	vending-for-entertainment-venues	Get the benefit framework — Want the entertainment venue vending benefit framework (benefit-stack measurement, operator capability matrix, sponsor activation template)?
matrix	best-selling-entertainment-venue-vending-products	vending-for-entertainment-venues	Get the planogram framework — Want the entertainment venue planogram framework (zone-specific SKU catalog, event overlay matrix, seasonal shift protocol, category review cadence)?
matrix	bowling-alley-vending-services	vending-for-entertainment-venues	Get the bowling alley framework — Want the bowling alley vending framework (venue-type format matrix, equipment spec, league-bowler SKU catalog)?
matrix	concert-venue-vending-options	vending-for-entertainment-venues	Get the concert venue framework — Want the concert venue vending framework (format-by-venue-type matrix, equipment spec, operator capability vetting checklist)?
matrix	gym-vending-security	vending-for-gyms	Get the gym framework — Want the gym vending security framework (facility-type capability matrix, member-access integration checklist, environmental positioning guide)?
matrix	public-building-vending-logistics	vending-for-public-buildings	Get the credential matrix — Want the credential matrix template (per-tech, per-building, expiration tracking) operators use for government-account fleets?
matrix	placement-of-vending-in-retail-centers	vending-for-retail-locations	Get the placement framework — Want the retail-center placement framework (zone matrix + equipment match + foot-traffic study + master service agreement)?
matrix	revenue-opportunities-retail-vending	vending-for-retail-locations	Get the retail revenue framework — Want the retail vending revenue framework (7-layer stack + capability matrix + sample monthly statement)?
matrix	national-vs-local-vending-companies	vending-management-companies	Get the operator selection framework — Want the national vs local operator selection framework (RFP criteria + capability matrix + scoring rubric)?
matrix	iot-integration-in-vending	vending-technology	Get the IoT integration framework — Want the IoT integration framework (five layers + capability matrix + ERP + host integration + QBR)?
